"Combined.ID","Dolphin.ID","Sightings","entrydate","departdate","genotyped","Repro.ID","Age.ID","ReproCat","kin.strength","tot.strength","norm.kin"
"ALT.cyc.adult","ALT",41,1992-11-01,2024-11-30,"Y","ALT.cyc","ALT.adult","cyc",0.388766788766789,1.36187394873959,0.285464590262991
"ALT.lact.adult","ALT",41,1992-11-01,2024-11-30,"Y","ALT.lact","ALT.adult","lact",1.11692324192324,1.82678535263675,0.611414603424039
"ALT.preg.adult","ALT",41,1992-11-01,2024-11-30,"Y","ALT.preg","ALT.adult","preg",0.280392156862745,2.59739067691854,0.107951475823188
"AMO.juvenile.juvenile","AMO",52,2000-11-01,2016-05-01,"Y","AMO.juvenile","AMO.juvenile","juvenile",0.700589206302919,2.04102028205185,0.343254406859011
"AMO.lact.adult","AMO",52,2000-11-01,2016-05-01,"Y","AMO.lact","AMO.adult","lact",0.167832167832168,0.421383990896186,0.39828795459274
"AMP.lact.elder","AMP",67,1986-11-01,2024-11-30,"Y","AMP.lact","AMP.elder","lact",0.05,0.560069684935747,0.0892746051872744
"AMP.preg.elder","AMP",67,1986-11-01,2024-11-30,"Y","AMP.preg","AMP.elder","preg",0.875,1.90772485138496,0.458661530442806
"ANE.cyc.adult","ANE",55,2013-11-01,2024-11-30,"Y","ANE.cyc","ANE.adult","cyc",0.991902834008097,1.99878912769263,0.496251865824953
"ANE.juvenile.juvenile","ANE",55,2013-11-01,2024-11-30,"Y","ANE.juvenile","ANE.juvenile","juvenile",0.688407670760612,3.3967719616235,0.202665259410462
"ANE.preg.adult","ANE",55,2013-11-01,2024-11-30,"Y","ANE.preg","ANE.adult","preg",0.32,1.77915275154406,0.179860891495845
"ASN.cyc.adult","ASN",93,2008-01-01,2021-05-01,"Y","ASN.cyc","ASN.adult","cyc",0.140060510285398,0.443731439410047,0.315642521232239
"ASN.juvenile.juvenile","ASN",93,2008-01-01,2021-05-01,"Y","ASN.juvenile","ASN.juvenile","juvenile",0.310167092440565,1.19632936225615,0.259265635556769
"ASN.preg.adult","ASN",93,2008-01-01,2021-05-01,"Y","ASN.preg","ASN.adult","preg",0.150244849712935,0.411880084445996,0.364778136614746
"ATH.preg.adult","ATH",112,1989-11-01,2024-11-30,"Y","ATH.preg","ATH.adult","preg",0.0416666666666667,1.58132148470886,0.0263492699426252
"BAD.cyc.adult","BAD",171,1986-11-01,2024-11-30,"Y","BAD.cyc","BAD.adult","cyc",0.189098374392492,1.07678299660288,0.175614190592788
"BAD.lact.adult","BAD",171,1986-11-01,2024-11-30,"Y","BAD.lact","BAD.adult","lact",0.218953878679204,1.9829814386,0.110416504369192
"BAD.preg.adult","BAD",171,1986-11-01,2024-11-30,"Y","BAD.preg","BAD.adult","preg",0.19840208810797,1.29895285802206,0.152740021997473
"BLI.lact.adult","BLI",431,1974-11-01,2020-05-01,"Y","BLI.lact","BLI.adult","lact",0.0675675675675676,0.649671513343266,0.104002663161047
"BLI.preg.adult","BLI",431,1974-11-01,2020-05-01,"Y","BLI.preg","BLI.adult","preg",0.241379310344828,0.661992453736588,0.364625471155105
"BLI.preg.elder","BLI",431,1974-11-01,2020-05-01,"Y","BLI.preg","BLI.elder","preg",0.05,1.57697572407231,0.0317062585281163
"BLK.preg.adult","BLK",95,2000-11-01,2024-11-30,"Y","BLK.preg","BLK.adult","preg",0.222222222222222,1.34965089193436,0.1646516321741
"BLM.juvenile.juvenile","BLM",115,2015-11-20,2024-11-30,"Y","BLM.juvenile","BLM.juvenile","juvenile",0.318319475014266,2.96085876585148,0.107509172232578
"BNG.cyc.adult","BNG",70,2004-11-01,2019-05-01,"Y","BNG.cyc","BNG.adult","cyc",0.0833333333333333,0.285925404511592,0.291451308692491
"BNG.preg.adult","BNG",70,2004-11-01,2019-05-01,"Y","BNG.preg","BNG.adult","preg",0.0333333333333333,0.745313981426147,0.0447238803565049
"BOR.juvenile.juvenile","BOR",30,2016-10-14,2024-11-30,"Y","BOR.juvenile","BOR.juvenile","juvenile",0.506060606060606,0.852579780265202,0.593563931229042
"BRE.lact.adult","BRE",66,1981-11-01,2024-11-30,"Y","BRE.lact","BRE.adult","lact",0.179860349937076,0.371028791105518,0.484761167458633
"BRE.preg.adult","BRE",66,1981-11-01,2024-11-30,"Y","BRE.preg","BRE.adult","preg",0.0881859410430839,0.236518626534944,0.372849877978025
"BRP.juvenile.juvenile","BRP",11,2014-11-15,2024-11-30,"Y","BRP.juvenile","BRP.juvenile","juvenile",0.153846153846154,3.42474968205025,0.0449218682032413
"BSS.cyc.adult","BSS",299,2002-12-12,2019-07-26,"Y","BSS.cyc","BSS.adult","cyc",0.126834235154533,1.27353937300046,0.0995919229852405
"BSS.juvenile.juvenile","BSS",299,2002-12-12,2019-07-26,"Y","BSS.juvenile","BSS.juvenile","juvenile",0.232977893532351,1.61571181697033,0.144195203058684
"BSS.lact.adult","BSS",299,2002-12-12,2019-07-26,"Y","BSS.lact","BSS.adult","lact",0.193132879179391,1.58401881513755,0.121925874449048
"BSS.preg.adult","BSS",299,2002-12-12,2019-07-26,"Y","BSS.preg","BSS.adult","preg",0.292172736727097,2.72610532901147,0.107175879676316
"BUT.juvenile.juvenile","BUT",23,2006-11-01,2024-11-30,"Y","BUT.juvenile","BUT.juvenile","juvenile",0.0952380952380952,0.529480665675918,0.179870770383121
"BUT.lact.adult","BUT",23,2006-11-01,2024-11-30,"Y","BUT.lact","BUT.adult","lact",0.0902777777777778,2.16269120379895,0.0417432584084114
"BYT.cyc.adult","BYT",344,1976-11-01,2024-11-30,"Y","BYT.cyc","BYT.adult","cyc",0.00961538461538462,0.142932747802678,0.0672720895890064
"BYT.cyc.elder","BYT",344,1976-11-01,2024-11-30,"Y","BYT.cyc","BYT.elder","cyc",0.0434782608695652,0.0949458306561005,0.45792701553211
"BYT.lact.adult","BYT",344,1976-11-01,2024-11-30,"Y","BYT.lact","BYT.adult","lact",0.0606232847612158,0.148133007211413,0.409248997927216
"CCU.juvenile.juvenile","CCU",16,2015-11-15,2019-05-01,"Y","CCU.juvenile","CCU.juvenile","juvenile",0.180147058823529,1.14328899358681,0.157569135917559
"CDB.juvenile.juvenile","CDB",40,2012-01-15,2024-11-30,"Y","CDB.juvenile","CDB.juvenile","juvenile",0.139423076923077,0.884973827073093,0.157544859133514
"CDB.lact.adult","CDB",40,2012-01-15,2024-11-30,"Y","CDB.lact","CDB.adult","lact",0.0625,0.439750340695719,0.142126097960766
"CHL.juvenile.juvenile","CHL",35,2004-05-01,2017-05-01,"Y","CHL.juvenile","CHL.juvenile","juvenile",0.186813186813187,0.797870179813012,0.234139828182284
"CHL.lact.adult","CHL",35,2004-05-01,2017-05-01,"Y","CHL.lact","CHL.adult","lact",0.255238095238095,0.841125818625819,0.30344817574984
"CLA.cyc.adult","CLA",49,1997-11-01,2024-11-30,"Y","CLA.cyc","CLA.adult","cyc",0.1,0.2,0.5
"CLA.preg.adult","CLA",49,1997-11-01,2024-11-30,"Y","CLA.preg","CLA.adult","preg",0.384615384615385,0.505028917899747,0.761571013032039
"CLO.juvenile.juvenile","CLO",118,1996-11-01,2024-11-30,"Y","CLO.juvenile","CLO.juvenile","juvenile",0.156916564667483,1.22364375582367,0.128237131044613
"CLO.lact.adult","CLO",118,1996-11-01,2024-11-30,"Y","CLO.lact","CLO.adult","lact",1.25682608897992,3.38225681530179,0.371593926071452
"CLO.preg.adult","CLO",118,1996-11-01,2024-11-30,"Y","CLO.preg","CLO.adult","preg",0.499350636078953,1.25175451973107,0.398920577643478
"CLV.cyc.adult","CLV",50,2000-11-01,2024-11-30,"Y","CLV.cyc","CLV.adult","cyc",0.207575757575758,2.57777523592519,0.0805251577728252
"CLV.juvenile.juvenile","CLV",50,2000-11-01,2024-11-30,"Y","CLV.juvenile","CLV.juvenile","juvenile",0.261418826388676,1.61221079302437,0.162149284398646
"COI.cyc.adult","COI",73,2003-11-01,2024-11-30,"Y","COI.cyc","COI.adult","cyc",0.16,0.415386010011357,0.385183891955402
"COI.lact.adult","COI",73,2003-11-01,2024-11-30,"Y","COI.lact","COI.adult","lact",0.115498575498576,1.22059161005342,0.0946250773373091
"COI.preg.adult","COI",73,2003-11-01,2024-11-30,"Y","COI.preg","COI.adult","preg",0.0434782608695652,0.473167737825979,0.0918876275659259
"COK.cyc.adult","COK",31,2011-01-21,2024-11-30,"Y","COK.cyc","COK.adult","cyc",0.0833333333333333,0.591693905509695,0.140838586568757
"COK.juvenile.juvenile","COK",31,2011-01-21,2024-11-30,"Y","COK.juvenile","COK.juvenile","juvenile",0.177631578947368,0.36028672573295,0.493028375069893
"COP.juvenile.juvenile","COP",61,2005-11-01,2024-11-30,"Y","COP.juvenile","COP.juvenile","juvenile",0.256335282651072,2.07370691623336,0.123612107691995
"COP.lact.adult","COP",61,2005-11-01,2024-11-30,"Y","COP.lact","COP.adult","lact",0.0666666666666667,1.07049658256562,0.0622763937339147
"COP.preg.adult","COP",61,2005-11-01,2024-11-30,"Y","COP.preg","COP.adult","preg",0.130434782608696,1.40813347733305,0.0926295587089755
"CRP.juvenile.juvenile","CRP",35,2002-02-01,2024-11-30,"Y","CRP.juvenile","CRP.juvenile","juvenile",0.082258064516129,0.383193536039836,0.214664540968608
"CRP.lact.adult","CRP",35,2002-02-01,2024-11-30,"Y","CRP.lact","CRP.adult","lact",0.0526315789473684,0.133146876853971,0.395289624443029
"CRP.preg.adult","CRP",35,2002-02-01,2024-11-30,"Y","CRP.preg","CRP.adult","preg",0.0833333333333333,1.41252169730431,0.0589961439122448
"CVO.juvenile.juvenile","CVO",23,2014-02-01,2024-11-30,"Y","CVO.juvenile","CVO.juvenile","juvenile",0.0526315789473684,1.23104185116569,0.0427536877787956
"DCH.cyc.adult","DCH",64,2015-02-15,2024-11-30,"Y","DCH.cyc","DCH.adult","cyc",0.114906832298137,0.420273184947098,0.273409859143406
"DCH.juvenile.juvenile","DCH",64,2015-02-15,2024-11-30,"Y","DCH.juvenile","DCH.juvenile","juvenile",0.605701076069641,2.84223156315596,0.21310757502006
"DCH.preg.adult","DCH",64,2015-02-15,2024-11-30,"Y","DCH.preg","DCH.adult","preg",0.295338441890166,0.648894607946332,0.455140847640689
"DCK.juvenile.juvenile","DCK",16,2021-11-24,2024-11-30,"Y","DCK.juvenile","DCK.juvenile","juvenile",0.0459830866807611,0.93684724398401,0.0490828008259006
"DEM.cyc.elder","DEM",342,1990-11-01,2024-11-30,"Y","DEM.cyc","DEM.elder","cyc",0.015625,0.142050013835086,0.109996469399433
"DEM.lact.adult","DEM",342,1990-11-01,2024-11-30,"Y","DEM.lact","DEM.adult","lact",0.0506329113924051,0.166214853635729,0.304623264918131
"DEM.preg.adult","DEM",342,1990-11-01,2024-11-30,"Y","DEM.preg","DEM.adult","preg",0.0178571428571429,0.239389725374637,0.0745944414665125
"DEM.preg.elder","DEM",342,1990-11-01,2024-11-30,"Y","DEM.preg","DEM.elder","preg",0.139302494871286,0.31148462727724,0.447221091098336
"DOD.cyc.adult","DOD",209,2003-10-15,2024-11-30,"Y","DOD.cyc","DOD.adult","cyc",0.0161290322580645,0.319569243405723,0.0504711657673114
"DOD.juvenile.juvenile","DOD",209,2003-10-15,2024-11-30,"Y","DOD.juvenile","DOD.juvenile","juvenile",0.106010257435879,0.425350528547844,0.24923034137938
"DOD.lact.adult","DOD",209,2003-10-15,2024-11-30,"Y","DOD.lact","DOD.adult","lact",0.177334356376425,0.913345218468941,0.194159177483508
"DOD.preg.adult","DOD",209,2003-10-15,2024-11-30,"Y","DOD.preg","DOD.adult","preg",0.16025893499281,0.657802401078883,0.243627774434943
"DOP.juvenile.juvenile","DOP",22,2013-11-01,2024-11-30,"Y","DOP.juvenile","DOP.juvenile","juvenile",0.431818181818182,1.32235042099006,0.326553517860171
"DOU.juvenile.juvenile","DOU",22,2021-11-19,2024-11-30,"Y","DOU.juvenile","DOU.juvenile","juvenile",0.419357679357679,1.9855557687113,0.211204180696399
"DOY.juvenile.juvenile","DOY",23,2019-05-10,2024-11-30,"Y","DOY.juvenile","DOY.juvenile","juvenile",1.52945512820513,3.939493749675,0.388236465239044
"DUC.juvenile.juvenile","DUC",48,1997-12-22,2024-11-30,"Y","DUC.juvenile","DUC.juvenile","juvenile",0.0416666666666667,1.13572882958147,0.0366871612143731
"DUC.lact.adult","DUC",48,1997-12-22,2024-11-30,"Y","DUC.lact","DUC.adult","lact",0.0465116279069767,1.36664052302401,0.0340335495131221
"EDE.cyc.adult","EDE",337,2007-11-19,2024-11-30,"Y","EDE.cyc","EDE.adult","cyc",0.527903006328212,1.95920700272464,0.269447284331908
"EDE.juvenile.juvenile","EDE",337,2007-11-19,2024-11-30,"Y","EDE.juvenile","EDE.juvenile","juvenile",0.862351150784865,2.18181772529589,0.39524436014375
"EDE.lact.adult","EDE",337,2007-11-19,2024-11-30,"Y","EDE.lact","EDE.adult","lact",0.472212244166865,1.34472210218428,0.351159725418236
"EDE.preg.adult","EDE",337,2007-11-19,2024-11-30,"Y","EDE.preg","EDE.adult","preg",0.987474688241289,3.0014384177741,0.329000482699762
"EED.cyc.adult","EED",250,1978-11-01,2018-05-01,"Y","EED.cyc","EED.adult","cyc",0.0363636363636364,0.468583694147556,0.0776032901225657
"EED.lact.adult","EED",250,1978-11-01,2018-05-01,"Y","EED.lact","EED.adult","lact",0.0571428571428571,0.628031741266792,0.0909872119323066
"EED.lact.elder","EED",250,1978-11-01,2018-05-01,"Y","EED.lact","EED.elder","lact",0.0804059328649493,0.570905441435047,0.14083931773857
"EED.preg.adult","EED",250,1978-11-01,2018-05-01,"Y","EED.preg","EED.adult","preg",0.0526315789473684,0.440812664353243,0.119396703415019
"EED.preg.elder","EED",250,1978-11-01,2018-05-01,"Y","EED.preg","EED.elder","preg",0.0625,0.473126876432295,0.132099872387917
"ENC.juvenile.juvenile","ENC",32,2010-11-01,2024-11-30,"Y","ENC.juvenile","ENC.juvenile","juvenile",0.251097308488613,0.965257797122786,0.260134970405913
"ESP.cyc.elder","ESP",54,1995-11-01,2024-11-30,"Y","ESP.cyc","ESP.elder","cyc",0.0666666666666667,0.32105260846268,0.207650288175174
"FLF.juvenile.juvenile","FLF",10,2013-11-01,2024-11-30,"Y","FLF.juvenile","FLF.juvenile","juvenile",0.363636363636364,1.40024759414359,0.259694332029021
"FNT.lact.adult","FNT",67,1993-11-01,2024-11-30,"Y","FNT.lact","FNT.adult","lact",0.103174603174603,0.251322751322751,0.410526315789474
"FNT.preg.adult","FNT",67,1993-11-01,2024-11-30,"Y","FNT.preg","FNT.adult","preg",0.0869565217391304,0.502424945580359,0.173073655088295
"FRL.lact.adult","FRL",64,1999-11-01,2024-11-30,"Y","FRL.lact","FRL.adult","lact",0.0571428571428571,1.092989547427,0.0522812475904978
"FSB.juvenile.juvenile","FSB",52,2011-11-01,2024-11-30,"Y","FSB.juvenile","FSB.juvenile","juvenile",0.14138198757764,1.18921815014894,0.118886503338292
"FUF.juvenile.juvenile","FUF",205,1991-11-01,2024-11-30,"Y","FUF.juvenile","FUF.juvenile","juvenile",0.126429424816522,0.53959500109091,0.234304292220863
"FUT.juvenile.juvenile","FUT",261,2011-11-13,2024-11-30,"Y","FUT.juvenile","FUT.juvenile","juvenile",1.02304702577976,2.49757033488622,0.409616903071669
"FUT.lact.adult","FUT",261,2011-11-13,2024-11-30,"Y","FUT.lact","FUT.adult","lact",0.586756241048717,1.99556604090116,0.294029978974662
"GAB.cyc.adult","GAB",118,1994-11-01,2024-11-30,"Y","GAB.cyc","GAB.adult","cyc",0.0163934426229508,0.341922138949966,0.0479449580927829
"GAB.juvenile.juvenile","GAB",118,1994-11-01,2024-11-30,"Y","GAB.juvenile","GAB.juvenile","juvenile",0.00793650793650794,0.445519658184442,0.0178140465649717
"GAB.lact.adult","GAB",118,1994-11-01,2024-11-30,"Y","GAB.lact","GAB.adult","lact",0.00819672131147541,0.917404582490972,0.00893468538081569
"GAB.preg.adult","GAB",118,1994-11-01,2024-11-30,"Y","GAB.preg","GAB.adult","preg",0.00793650793650794,0.693453103179605,0.0114449093963494
"GEK.juvenile.juvenile","GEK",43,2013-11-08,2024-11-30,"Y","GEK.juvenile","GEK.juvenile","juvenile",0.205042576056329,1.61857946475574,0.126680574244942
"GMP.juvenile.juvenile","GMP",115,2001-11-01,2024-11-30,"Y","GMP.juvenile","GMP.juvenile","juvenile",0.060210258043963,1.08314830379345,0.0555881940017743
"GMP.lact.adult","GMP",115,2001-11-01,2024-11-30,"Y","GMP.lact","GMP.adult","lact",0.0819672131147541,0.80741974066361,0.101517474724344
"GMP.preg.adult","GMP",115,2001-11-01,2024-11-30,"Y","GMP.preg","GMP.adult","preg",0.015625,1.29396618367827,0.012075276925386
"GOD.preg.adult","GOD",44,1986-11-01,2019-12-15,"Y","GOD.preg","GOD.adult","preg",0.0588235294117647,0.321384980235411,0.183031358119714
"GRG.juvenile.juvenile","GRG",30,2000-10-18,2016-05-01,"Y","GRG.juvenile","GRG.juvenile","juvenile",0.0779610194902549,0.294549505455323,0.264678833426457
"GUA.juvenile.juvenile","GUA",83,2010-11-01,2024-11-30,"Y","GUA.juvenile","GUA.juvenile","juvenile",0.0470653377630122,0.607749433127574,0.0774420101402754
"GUM.lact.elder","GUM",176,1976-11-01,2017-05-01,"Y","GUM.lact","GUM.elder","lact",0.0396770376943412,0.509132781110501,0.0779306286422948
"GUM.preg.adult","GUM",176,1976-11-01,2017-05-01,"Y","GUM.preg","GUM.adult","preg",0.0192307692307692,0.21934558713728,0.0876733809955038
"HFF.cyc.adult","HFF",233,2009-12-10,2024-11-30,"Y","HFF.cyc","HFF.adult","cyc",0.430669740887834,1.09693449825891,0.392612085381038
"HFF.juvenile.juvenile","HFF",233,2009-12-10,2024-11-30,"Y","HFF.juvenile","HFF.juvenile","juvenile",1.00098069492036,2.75076360371453,0.363891936613045
"HFF.lact.adult","HFF",233,2009-12-10,2024-11-30,"Y","HFF.lact","HFF.adult","lact",0.804177479846316,2.30561639204133,0.348790667268946
"HFF.preg.adult","HFF",233,2009-12-10,2024-11-30,"Y","HFF.preg","HFF.adult","preg",0.605583765105806,1.73385704587578,0.349269720099631
"HNK.cyc.adult","HNK",44,1992-11-01,2024-11-30,"Y","HNK.cyc","HNK.adult","cyc",0.05,0.269268995584785,0.185687921074658
"HNK.juvenile.juvenile","HNK",44,1992-11-01,2024-11-30,"Y","HNK.juvenile","HNK.juvenile","juvenile",0.166666666666667,0.170114942528736,0.979729729729728
"HOW.juvenile.juvenile","HOW",42,2005-11-01,2021-05-01,"Y","HOW.juvenile","HOW.juvenile","juvenile",0.271008403361345,0.86940911260585,0.311715623211103
"HRS.juvenile.juvenile","HRS",70,2001-10-15,2024-11-30,"Y","HRS.juvenile","HRS.juvenile","juvenile",0.087719298245614,0.967550187442292,0.0906612384392163
"HRS.lact.adult","HRS",70,2001-10-15,2024-11-30,"Y","HRS.lact","HRS.adult","lact",0.189423076923077,0.874163310535284,0.216690719731861
"HRS.preg.adult","HRS",70,2001-10-15,2024-11-30,"Y","HRS.preg","HRS.adult","preg",0.0526315789473684,0.664695392326971,0.0791815011130367
"HUB.juvenile.juvenile","HUB",34,2011-12-01,2024-11-30,"Y","HUB.juvenile","HUB.juvenile","juvenile",0.144043232620978,0.507348120991194,0.283913996447969
"IBL.juvenile.juvenile","IBL",30,2003-11-01,2024-11-30,"Y","IBL.juvenile","IBL.juvenile","juvenile",0.0555555555555556,0.138888888888889,0.4
"IBX.lact.adult","IBX",78,1980-11-01,2024-11-30,"Y","IBX.lact","IBX.adult","lact",0.0526315789473684,0.23653785772839,0.222508056227531
"IND.cyc.adult","IND",88,1999-11-01,2024-11-30,"Y","IND.cyc","IND.adult","cyc",0.2,0.723628101474401,0.276385065190942
"IND.juvenile.juvenile","IND",88,1999-11-01,2024-11-30,"Y","IND.juvenile","IND.juvenile","juvenile",0.124156545209177,0.265224844792814,0.468118080363717
"ITG.juvenile.juvenile","ITG",25,2015-10-21,2024-11-30,"Y","ITG.juvenile","ITG.juvenile","juvenile",1.1148773690078,1.74069774840204,0.640477285635177
"JAC.juvenile.juvenile","JAC",16,2016-03-01,2024-11-30,"Y","JAC.juvenile","JAC.juvenile","juvenile",0.470588235294118,0.794495387409117,0.59231084629544
"JAH.juvenile.juvenile","JAH",43,2012-11-01,2024-11-30,"Y","JAH.juvenile","JAH.juvenile","juvenile",0.245289855072464,1.28009112887549,0.191619057065055
"JAH.lact.adult","JAH",43,2012-11-01,2024-11-30,"Y","JAH.lact","JAH.adult","lact",0.0454545454545455,0.448830911278536,0.101273206261717
"JND.juvenile.juvenile","JND",27,2022-12-19,2024-11-30,"Y","JND.juvenile","JND.juvenile","juvenile",0.909704461494743,1.84726771866927,0.492459459070759
"JNI.cyc.adult","JNI",61,1986-11-01,2019-05-01,"Y","JNI.cyc","JNI.adult","cyc",0.194074074074074,0.313133085238348,0.619781438701536
"JNI.lact.adult","JNI",61,1986-11-01,2019-05-01,"Y","JNI.lact","JNI.adult","lact",0.0625,0.206811594202899,0.302207428170987
"JNI.lact.elder","JNI",61,1986-11-01,2019-05-01,"Y","JNI.lact","JNI.elder","lact",0.335144927536232,0.675639758828852,0.496040860764572
"JNI.preg.adult","JNI",61,1986-11-01,2019-05-01,"Y","JNI.preg","JNI.adult","preg",0.736121553884712,1.45915145093399,0.504486051405786
"JUI.cyc.adult","JUI",111,2005-11-01,2024-11-30,"Y","JUI.cyc","JUI.adult","cyc",0.231532448061683,1.18280681278859,0.195748321330532
"JUI.juvenile.juvenile","JUI",111,2005-11-01,2024-11-30,"Y","JUI.juvenile","JUI.juvenile","juvenile",0.0386404293381038,0.907559554399403,0.0425761914474857
"JUI.preg.adult","JUI",111,2005-11-01,2024-11-30,"Y","JUI.preg","JUI.adult","preg",0.427580124188315,1.86553840682375,0.229199314591603
"JUM.cyc.adult","JUM",68,1989-11-01,2024-11-30,"Y","JUM.cyc","JUM.adult","cyc",0.235294117647059,0.420419650051426,0.559664891063673
"JUM.lact.adult","JUM",68,1989-11-01,2024-11-30,"Y","JUM.lact","JUM.adult","lact",0.0555555555555556,0.145686993377061,0.381335040745669
"KIT.juvenile.juvenile","KIT",236,1993-11-01,2024-11-30,"Y","KIT.juvenile","KIT.juvenile","juvenile",0.0270562770562771,0.217063022016612,0.124647103891359
"KIT.lact.elder","KIT",236,1993-11-01,2024-11-30,"Y","KIT.lact","KIT.elder","lact",0.0476190476190476,0.153392269830626,0.310439682988119
"KIT.preg.adult","KIT",236,1993-11-01,2024-11-30,"Y","KIT.preg","KIT.adult","preg",0.00609756097560976,0.481874147713216,0.0126538454169961
"KIT.preg.elder","KIT",236,1993-11-01,2024-11-30,"Y","KIT.preg","KIT.elder","preg",0.0364540182270091,0.436737872109223,0.0834688735624292
"KIY.cyc.adult","KIY",515,2001-12-13,2024-11-30,"Y","KIY.cyc","KIY.adult","cyc",0.496229245798981,1.27964776392925,0.387785810897894
"KIY.cyc.juvenile","KIY",515,2001-12-13,2024-11-30,"Y","KIY.cyc","KIY.juvenile","cyc",0.0112359550561798,0.037400504360475,0.30042255440956
"KIY.juvenile.juvenile","KIY",515,2001-12-13,2024-11-30,"Y","KIY.juvenile","KIY.juvenile","juvenile",0.862862490888324,1.64189494678541,0.525528440523971
"KIY.lact.adult","KIY",515,2001-12-13,2024-11-30,"Y","KIY.lact","KIY.adult","lact",0.852197663922809,1.53005630638283,0.556971439788036
"KIY.preg.adult","KIY",515,2001-12-13,2024-11-30,"Y","KIY.preg","KIY.adult","preg",1.82571036631343,3.34104147813968,0.546449476386028
"KNG.juvenile.juvenile","KNG",35,2000-11-01,2024-11-30,"Y","KNG.juvenile","KNG.juvenile","juvenile",0.0508474576271186,0.350818943987385,0.1449393155603
"LDO.juvenile.juvenile","LDO",15,2013-12-15,2024-11-30,"Y","LDO.juvenile","LDO.juvenile","juvenile",0.0588235294117647,0.61959977007931,0.0949379458359631
"LEN.cyc.adult","LEN",168,2006-02-15,2021-05-01,"Y","LEN.cyc","LEN.adult","cyc",0.169224489825757,1.32292723166862,0.127916703031589
"LEN.juvenile.juvenile","LEN",168,2006-02-15,2021-05-01,"Y","LEN.juvenile","LEN.juvenile","juvenile",0.340361146412634,2.39422305005634,0.142159330729284
"LEN.preg.adult","LEN",168,2006-02-15,2021-05-01,"Y","LEN.preg","LEN.adult","preg",0.718787328817346,2.76162762983674,0.260276700975735
"LIC.cyc.adult","LIC",630,1988-11-01,2024-11-30,"Y","LIC.cyc","LIC.adult","cyc",0.0311302681992337,1.00617802202509,0.0309391255998409
"LIC.cyc.elder","LIC",630,1988-11-01,2024-11-30,"Y","LIC.cyc","LIC.elder","cyc",0.0238095238095238,0.351750009635005,0.0676887651950027
"LIC.lact.adult","LIC",630,1988-11-01,2024-11-30,"Y","LIC.lact","LIC.adult","lact",0.0669864960909737,1.13884952732327,0.0588194440826765
"LIC.lact.elder","LIC",630,1988-11-01,2024-11-30,"Y","LIC.lact","LIC.elder","lact",0.0285714285714286,1.3642174024429,0.0209434570474367
"LIC.preg.adult","LIC",630,1988-11-01,2024-11-30,"Y","LIC.preg","LIC.adult","preg",0.20922131147541,1.95029088388663,0.107276977605753
"LIC.preg.elder","LIC",630,1988-11-01,2024-11-30,"Y","LIC.preg","LIC.elder","preg",0.0285714285714286,1.02178048874448,0.0279623939644179
"LIF.lact.adult","LIF",38,1991-11-01,2024-11-30,"Y","LIF.lact","LIF.adult","lact",0.0476190476190476,0.537778664907891,0.0885476697503492
"LOO.juvenile.juvenile","LOO",29,2014-11-01,2024-11-30,"Y","LOO.juvenile","LOO.juvenile","juvenile",0.617931034482759,2.04191089766034,0.302623897639606
"LYR.juvenile.juvenile","LYR",22,2011-11-01,2024-11-30,"Y","LYR.juvenile","LYR.juvenile","juvenile",0.116666666666667,1.06590808863273,0.109452839237122
"MOU.cyc.adult","MOU",450,1995-09-29,2024-11-30,"Y","MOU.cyc","MOU.adult","cyc",0.00574712643678161,1.01473579638147,0.00566366778157996
"MOU.juvenile.juvenile","MOU",450,1995-09-29,2024-11-30,"Y","MOU.juvenile","MOU.juvenile","juvenile",0.0215710215710216,0.670964463301957,0.0321492757826041
"MOU.lact.adult","MOU",450,1995-09-29,2024-11-30,"Y","MOU.lact","MOU.adult","lact",0.0225490196078431,0.788532943524651,0.0285961668348968
"MOU.lact.elder","MOU",450,1995-09-29,2024-11-30,"Y","MOU.lact","MOU.elder","lact",0.0769230769230769,1.36621097797806,0.0563039517051167
"MOU.preg.elder","MOU",450,1995-09-29,2024-11-30,"Y","MOU.preg","MOU.elder","preg",0.0516339869281046,1.17828107804113,0.0438214513415976
"MYS.cyc.adult","MYS",66,2003-01-01,2024-11-30,"Y","MYS.cyc","MYS.adult","cyc",0.406923076923077,0.610626780626781,0.666402276862781
"MYS.juvenile.juvenile","MYS",66,2003-01-01,2024-11-30,"Y","MYS.juvenile","MYS.juvenile","juvenile",0.238970588235294,0.959713966509955,0.24900188657702
"MYS.lact.adult","MYS",66,2003-01-01,2024-11-30,"Y","MYS.lact","MYS.adult","lact",0.427777777777778,1.18111998454575,0.36217978137276
"MYS.preg.adult","MYS",66,2003-01-01,2024-11-30,"Y","MYS.preg","MYS.adult","preg",0.472275829220422,0.603458624919347,0.782615095249558
"NET.juvenile.juvenile","NET",39,2013-12-01,2024-11-30,"Y","NET.juvenile","NET.juvenile","juvenile",0.40018315018315,1.19557932034712,0.334719029823101
"NIC.cyc.elder","NIC",711,1979-12-29,2015-07-06,"Y","NIC.cyc","NIC.elder","cyc",0.0212765957446809,0.790662310877589,0.0269098393232695
"NIC.lact.adult","NIC",711,1979-12-29,2015-07-06,"Y","NIC.lact","NIC.adult","lact",0.0065359477124183,0.834736134750091,0.00782995660583818
"NIC.lact.elder","NIC",711,1979-12-29,2015-07-06,"Y","NIC.lact","NIC.elder","lact",0.0743375815705339,1.10548742342972,0.0672441675907132
"NOE.juvenile.juvenile","NOE",143,2012-08-27,2024-11-30,"Y","NOE.juvenile","NOE.juvenile","juvenile",0.0486041874376869,2.07096411749395,0.0234693527652726
"NUM.juvenile.juvenile","NUM",58,1995-11-01,2024-11-30,"Y","NUM.juvenile","NUM.juvenile","juvenile",0.116666666666667,0.28378056044671,0.411115780739234
"NUM.lact.adult","NUM",58,1995-11-01,2024-11-30,"Y","NUM.lact","NUM.adult","lact",0.156108597285068,0.688326979685526,0.226794244439451
"NUM.preg.adult","NUM",58,1995-11-01,2024-11-30,"Y","NUM.preg","NUM.adult","preg",0.0625,0.215971915081822,0.28938947907334
"OPY.cyc.adult","OPY",88,2011-11-01,2024-11-30,"Y","OPY.cyc","OPY.adult","cyc",0.0476190476190476,0.380898366225749,0.125017726095535
"PDR.juvenile.juvenile","PDR",31,2010-11-01,2024-11-30,"Y","PDR.juvenile","PDR.juvenile","juvenile",0.528057889822596,4.05048253307199,0.13036913145805
"PEG.cyc.adult","PEG",637,1993-11-01,2015-06-18,"Y","PEG.cyc","PEG.adult","cyc",0.12211698555851,0.468261548209361,0.260787984888974
"PEG.cyc.juvenile","PEG",637,1993-11-01,2015-06-18,"Y","PEG.cyc","PEG.juvenile","cyc",0.0102389078498294,0.234751095449217,0.0436160173405636
"PEG.juvenile.juvenile","PEG",637,1993-11-01,2015-06-18,"Y","PEG.juvenile","PEG.juvenile","juvenile",0.0204778156996587,0.902801903069519,0.022682512774989
"PEG.lact.adult","PEG",637,1993-11-01,2015-06-18,"Y","PEG.lact","PEG.adult","lact",0.443814313443374,1.54882904418304,0.286548289567667
"PEG.preg.adult","PEG",637,1993-11-01,2015-06-18,"Y","PEG.preg","PEG.adult","preg",0.379991307217547,1.58666561155425,0.239490478932936
"PHA.lact.adult","PHA",138,1990-11-01,2024-11-30,"Y","PHA.lact","PHA.adult","lact",0.164957264957265,1.2759682989732,0.129280065257115
"PHA.preg.elder","PHA",138,1990-11-01,2024-11-30,"Y","PHA.preg","PHA.elder","preg",0.0909090909090909,0.215217457980616,0.422405746086262
"PHX.juvenile.juvenile","PHX",13,2018-12-01,2024-11-30,"Y","PHX.juvenile","PHX.juvenile","juvenile",0.0555555555555556,0.698707904121592,0.0795118464065458
"PIC.cyc.adult","PIC",812,1996-12-06,2024-11-30,"Y","PIC.cyc","PIC.adult","cyc",0.349149413294455,0.636806383738672,0.548281898878917
"PIC.cyc.juvenile","PIC",812,1996-12-06,2024-11-30,"Y","PIC.cyc","PIC.juvenile","cyc",0.251702267259605,0.682289358286719,0.368908387918652
"PIC.juvenile.juvenile","PIC",812,1996-12-06,2024-11-30,"Y","PIC.juvenile","PIC.juvenile","juvenile",0.61001724789679,1.70398547622469,0.357994393971203
"PIC.lact.adult","PIC",812,1996-12-06,2024-11-30,"Y","PIC.lact","PIC.adult","lact",0.869310516693867,1.56192035227884,0.556565202204801
"PIC.lact.elder","PIC",812,1996-12-06,2024-11-30,"Y","PIC.lact","PIC.elder","lact",0.87499884098849,1.1538027870362,0.758360831521408
"PIC.preg.adult","PIC",812,1996-12-06,2024-11-30,"Y","PIC.preg","PIC.adult","preg",1.59341243649172,2.51907692025679,0.632538222107678
"POL.juvenile.juvenile","POL",78,1998-11-01,2019-05-01,"Y","POL.juvenile","POL.juvenile","juvenile",0.266466859098787,2.04932850566575,0.130026424929966
"POL.lact.adult","POL",78,1998-11-01,2019-05-01,"Y","POL.lact","POL.adult","lact",0.15458089668616,1.29069425049726,0.119765697125098
"POL.preg.adult","POL",78,1998-11-01,2019-05-01,"Y","POL.preg","POL.adult","preg",0.172959192597646,1.83241646459569,0.0943885824753315
"PSI.juvenile.juvenile","PSI",35,1996-11-01,2024-11-30,"Y","PSI.juvenile","PSI.juvenile","juvenile",0.0303030303030303,0.151998803378528,0.199363610959263
"PSI.lact.adult","PSI",35,1996-11-01,2024-11-30,"Y","PSI.lact","PSI.adult","lact",0.1,1.19351896091027,0.0837858494713249
"PUC.cyc.adult","PUC",1061,1980-12-01,2019-03-22,"Y","PUC.cyc","PUC.adult","cyc",0.105321511343087,0.522256991119673,0.201666063133568
"PUC.cyc.elder","PUC",1061,1980-12-01,2019-03-22,"Y","PUC.cyc","PUC.elder","cyc",0.248324635050299,0.57024482979349,0.435470208717592
"PUC.lact.adult","PUC",1061,1980-12-01,2019-03-22,"Y","PUC.lact","PUC.adult","lact",0.4457511905264,1.25460954834826,0.355290768441264
"PUC.lact.elder","PUC",1061,1980-12-01,2019-03-22,"Y","PUC.lact","PUC.elder","lact",0.380821424563748,0.905788406693005,0.420430888439068
"PUC.preg.adult","PUC",1061,1980-12-01,2019-03-22,"Y","PUC.preg","PUC.adult","preg",0.647341673769122,1.36045570914205,0.475827084571065
"PUC.preg.elder","PUC",1061,1980-12-01,2019-03-22,"Y","PUC.preg","PUC.elder","preg",0.365252550377495,0.56921716961029,0.641675216205376
"PWE.juvenile.juvenile","PWE",27,2009-11-01,2024-11-30,"Y","PWE.juvenile","PWE.juvenile","juvenile",0.207294769554076,1.20224546841515,0.172422999295927
"PZL.cyc.adult","PZL",53,2001-11-01,2024-11-30,"Y","PZL.cyc","PZL.adult","cyc",0.219537037037037,0.730622014223558,0.300479636204696
"PZL.lact.adult","PZL",53,2001-11-01,2024-11-30,"Y","PZL.lact","PZL.adult","lact",0.517504767353166,1.06272425374912,0.486960531414892
"PZL.preg.adult","PZL",53,2001-11-01,2024-11-30,"Y","PZL.preg","PZL.adult","preg",0.811365546218487,1.0966219564749,0.739877166810182
"RBD.juvenile.juvenile","RBD",65,2003-11-01,2024-11-30,"Y","RBD.juvenile","RBD.juvenile","juvenile",0.0425531914893617,0.668299595378231,0.0636738250084953
"RDC.juvenile.juvenile","RDC",40,2010-04-01,2024-11-30,"Y","RDC.juvenile","RDC.juvenile","juvenile",0.109927062612485,0.893077262252471,0.123087964791795
"RHO.cyc.adult","RHO",335,2001-10-08,2024-11-30,"Y","RHO.cyc","RHO.adult","cyc",0.445291814765223,1.57238009470902,0.28319603908979
"RHO.juvenile.juvenile","RHO",335,2001-10-08,2024-11-30,"Y","RHO.juvenile","RHO.juvenile","juvenile",0.388250252390532,1.63466841632818,0.237510095938984
"RHO.lact.adult","RHO",335,2001-10-08,2024-11-30,"Y","RHO.lact","RHO.adult","lact",0.351724965061256,1.24505179905878,0.282498258568157
"RHO.preg.adult","RHO",335,2001-10-08,2024-11-30,"Y","RHO.preg","RHO.adult","preg",0.507139498641124,1.25396805391389,0.404427765969187
"RIP.cyc.adult","RIP",133,1997-12-01,2024-11-30,"Y","RIP.cyc","RIP.adult","cyc",0.148171241991467,0.569542786270538,0.260158227903679
"RIP.juvenile.juvenile","RIP",133,1997-12-01,2024-11-30,"Y","RIP.juvenile","RIP.juvenile","juvenile",0.386724655690173,1.18625594113514,0.326004399455409
"RIP.lact.adult","RIP",133,1997-12-01,2024-11-30,"Y","RIP.lact","RIP.adult","lact",0.143540669856459,0.59474275687802,0.241349168521104
"RIP.preg.adult","RIP",133,1997-12-01,2024-11-30,"Y","RIP.preg","RIP.adult","preg",0.270019723865878,1.10581996602656,0.244180546708805
"RKS.juvenile.juvenile","RKS",19,2015-11-01,2024-11-30,"Y","RKS.juvenile","RKS.juvenile","juvenile",0.730769230769231,3.26959278986263,0.223504661814456
"RKT.juvenile.juvenile","RKT",82,2016-03-23,2024-11-30,"Y","RKT.juvenile","RKT.juvenile","juvenile",0.635844686218856,2.2140050173543,0.287192071036352
"RSH.lact.adult","RSH",64,1989-11-01,2017-05-01,"Y","RSH.lact","RSH.adult","lact",0.0728900255754476,0.380584466193316,0.191521283841426
"RSH.preg.adult","RSH",64,1989-11-01,2017-05-01,"Y","RSH.preg","RSH.adult","preg",0.0454545454545455,0.304395728254087,0.149327146327768
"SCA.cyc.adult","SCA",113,1981-11-01,2018-05-01,"Y","SCA.cyc","SCA.adult","cyc",0.1,0.383779875755532,0.260566033597082
"SCA.lact.elder","SCA",113,1981-11-01,2018-05-01,"Y","SCA.lact","SCA.elder","lact",0.168478260869565,0.661935244147808,0.2545237806252
"SCA.preg.adult","SCA",113,1981-11-01,2018-05-01,"Y","SCA.preg","SCA.adult","preg",0.384615384615385,0.529173577032499,0.726822731346927
"SCT.cyc.adult","SCT",49,1991-11-01,2024-11-30,"Y","SCT.cyc","SCT.adult","cyc",0.298928571428571,0.631879688909079,0.473078303790176
"SCT.preg.adult","SCT",49,1991-11-01,2024-11-30,"Y","SCT.preg","SCT.adult","preg",0.544941900205058,1.25822550046991,0.433103525561625
"SEM.juvenile.juvenile","SEM",11,2021-11-01,2024-11-30,"Y","SEM.juvenile","SEM.juvenile","juvenile",0.163879598662207,1.93580795364865,0.084656950785497
"SHC.cyc.adult","SHC",531,1998-10-25,2018-07-27,"Y","SHC.cyc","SHC.adult","cyc",0.127681179016754,0.444613393136616,0.287173488220858
"SHC.juvenile.juvenile","SHC",531,1998-10-25,2018-07-27,"Y","SHC.juvenile","SHC.juvenile","juvenile",0.406846757226732,1.43410433331446,0.283693973845292
"SHC.lact.adult","SHC",531,1998-10-25,2018-07-27,"Y","SHC.lact","SHC.adult","lact",0.216361751580918,1.31143845665339,0.164980484202852
"SHC.preg.adult","SHC",531,1998-10-25,2018-07-27,"Y","SHC.preg","SHC.adult","preg",0.293513052091075,1.28372607373968,0.228641497664708
"SKF.cyc.adult","SKF",511,1998-11-01,2024-11-30,"Y","SKF.cyc","SKF.adult","cyc",0.367304055590891,1.44455093220715,0.254268677830335
"SKF.cyc.juvenile","SKF",511,1998-11-01,2024-11-30,"Y","SKF.cyc","SKF.juvenile","cyc",0.0707070707070707,0.416288166401455,0.169851262692111
"SKF.juvenile.juvenile","SKF",511,1998-11-01,2024-11-30,"Y","SKF.juvenile","SKF.juvenile","juvenile",0.186440677966102,1.55729548130743,0.11972081098545
"SKF.lact.adult","SKF",511,1998-11-01,2024-11-30,"Y","SKF.lact","SKF.adult","lact",0.734586641616306,2.9283831681856,0.250850588678752
"SKF.preg.adult","SKF",511,1998-11-01,2024-11-30,"Y","SKF.preg","SKF.adult","preg",0.718013202734217,2.22696396737316,0.322417970498713
"SOG.cyc.adult","SOG",197,1995-11-01,2024-11-30,"Y","SOG.cyc","SOG.adult","cyc",0.0526675786593707,0.521114898758609,0.101067113576746
"SOG.juvenile.juvenile","SOG",197,1995-11-01,2024-11-30,"Y","SOG.juvenile","SOG.juvenile","juvenile",0.0158730158730159,0.428987566458903,0.0370011093888813
"SOG.lact.adult","SOG",197,1995-11-01,2024-11-30,"Y","SOG.lact","SOG.adult","lact",0.177571754391161,0.905147481938312,0.196179913146202
"SOG.lact.elder","SOG",197,1995-11-01,2024-11-30,"Y","SOG.lact","SOG.elder","lact",0.271888680425266,0.465236464032957,0.584409652821206
"SOG.preg.adult","SOG",197,1995-11-01,2024-11-30,"Y","SOG.preg","SOG.adult","preg",0.329186322646898,1.93957564023361,0.169720796559009
"SOG.preg.elder","SOG",197,1995-11-01,2024-11-30,"Y","SOG.preg","SOG.elder","preg",0.281684981684982,0.846327277883821,0.332832214021642
"SON.juvenile.juvenile","SON",97,2014-11-17,2024-11-30,"Y","SON.juvenile","SON.juvenile","juvenile",0.110759764579989,1.45350023914158,0.07620209587678
"SPE.cyc.adult","SPE",98,1996-01-01,2024-11-30,"Y","SPE.cyc","SPE.adult","cyc",0.2,0.721836264094329,0.277071144729664
"SPE.lact.adult","SPE",98,1996-01-01,2024-11-30,"Y","SPE.lact","SPE.adult","lact",0.0771815573100198,0.253305440558422,0.304697590149939
"SQE.juvenile.juvenile","SQE",19,2017-10-27,2024-11-30,"Y","SQE.juvenile","SQE.juvenile","juvenile",0.0434782608695652,2.79439194986375,0.0155591132703074
"SUM.juvenile.juvenile","SUM",45,1999-11-01,2024-11-30,"Y","SUM.juvenile","SUM.juvenile","juvenile",0.109114399812074,0.833268595085379,0.130947452544871
"SUM.lact.adult","SUM",45,1999-11-01,2024-11-30,"Y","SUM.lact","SUM.adult","lact",0.1,1.63571428571429,0.0611353711790391
"SUP.preg.adult","SUP",37,2006-11-01,2024-11-30,"Y","SUP.preg","SUP.adult","preg",0.0625,0.816981074481074,0.0765011601274833
"SUR.cyc.adult","SUR",789,1983-11-01,2019-03-25,"Y","SUR.cyc","SUR.adult","cyc",0.042190096355122,0.394260632948873,0.107010674739603
"SUR.cyc.elder","SUR",789,1983-11-01,2019-03-25,"Y","SUR.cyc","SUR.elder","cyc",0.0220682302771855,0.138365853403352,0.159491881373753
"SUR.lact.adult","SUR",789,1983-11-01,2019-03-25,"Y","SUR.lact","SUR.adult","lact",0.118815872833036,0.840530457345246,0.141358200401574
"SUR.lact.elder","SUR",789,1983-11-01,2019-03-25,"Y","SUR.lact","SUR.elder","lact",0.0951251078515962,0.615113602851194,0.15464640581946
"SUR.preg.adult","SUR",789,1983-11-01,2019-03-25,"Y","SUR.preg","SUR.adult","preg",0.113059818352646,0.995159749379689,0.113609717859992
"SUR.preg.elder","SUR",789,1983-11-01,2019-03-25,"Y","SUR.preg","SUR.elder","preg",0.0498507462686567,0.543106923593447,0.0917880883175289
"TAM.lact.adult","TAM",81,1987-11-01,2024-11-30,"Y","TAM.lact","TAM.adult","lact",0.0434782608695652,0.238966982674076,0.181942544459645
"TAM.preg.adult","TAM",81,1987-11-01,2024-11-30,"Y","TAM.preg","TAM.adult","preg",0.0384615384615385,0.741770989049338,0.0518509607808081
"TAW.juvenile.juvenile","TAW",76,2004-11-01,2024-11-30,"Y","TAW.juvenile","TAW.juvenile","juvenile",0.932199551686516,2.17342998426495,0.428907100037908
"TAW.lact.adult","TAW",76,2004-11-01,2024-11-30,"Y","TAW.lact","TAW.adult","lact",0.689205379389631,3.38568569545063,0.203564489260099
"TAW.preg.adult","TAW",76,2004-11-01,2024-11-30,"Y","TAW.preg","TAW.adult","preg",0.4991630026265,1.77277594941246,0.281571398118264
"TOG.lact.adult","TOG",25,2006-10-15,2024-11-30,"Y","TOG.lact","TOG.adult","lact",0.111111111111111,1.65034120353817,0.0673261449649925
"TTM.cyc.adult","TTM",100,2010-11-01,2024-11-30,"Y","TTM.cyc","TTM.adult","cyc",0.10162037037037,1.03544484049294,0.0981417516378684
"TTM.juvenile.juvenile","TTM",100,2010-11-01,2024-11-30,"Y","TTM.juvenile","TTM.juvenile","juvenile",0.163695755943603,1.206067535036,0.135726857069174
"TTM.lact.adult","TTM",100,2010-11-01,2024-11-30,"Y","TTM.lact","TTM.adult","lact",0.04,0.407549626940342,0.0981475564099959
"TTM.preg.adult","TTM",100,2010-11-01,2024-11-30,"Y","TTM.preg","TTM.adult","preg",0.192775041050903,0.873066108294544,0.220802341563197
"TUF.juvenile.juvenile","TUF",84,2014-01-23,2024-11-30,"Y","TUF.juvenile","TUF.juvenile","juvenile",0.355644918684881,2.28779294346296,0.155453280726774
"TUF.preg.adult","TUF",84,2014-01-23,2024-11-30,"Y","TUF.preg","TUF.adult","preg",0.31068525628836,1.36528290514574,0.227561082847658
"TUK.cyc.adult","TUK",174,1988-11-01,2016-04-15,"Y","TUK.cyc","TUK.adult","cyc",0.0663157894736842,0.420718623439794,0.157625039109243
"TUK.lact.adult","TUK",174,1988-11-01,2016-04-15,"Y","TUK.lact","TUK.adult","lact",0.489609008013263,1.77096310658224,0.276464826507964
"TUK.lact.elder","TUK",174,1988-11-01,2016-04-15,"Y","TUK.lact","TUK.elder","lact",0.758608058608059,2.15631820530031,0.35180710191259
"TUK.preg.adult","TUK",174,1988-11-01,2016-04-15,"Y","TUK.preg","TUK.adult","preg",0.493170073672102,2.21565027125649,0.222584800530106
"TUL.cyc.adult","TUL",71,1998-11-01,2024-11-30,"Y","TUL.cyc","TUL.adult","cyc",0.0434782608695652,0.910806200101529,0.0477360176783147
"TUL.juvenile.juvenile","TUL",71,1998-11-01,2024-11-30,"Y","TUL.juvenile","TUL.juvenile","juvenile",0.175714285714286,0.667294007005382,0.263323638260801
"TUL.lact.adult","TUL",71,1998-11-01,2024-11-30,"Y","TUL.lact","TUL.adult","lact",0.149537037037037,1.0698708583477,0.139771109634653
"TUL.preg.adult","TUL",71,1998-11-01,2024-11-30,"Y","TUL.preg","TUL.adult","preg",0.798701298701299,1.3519233138709,0.590788908295703
"TUX.juvenile.juvenile","TUX",24,2018-03-01,2024-11-30,"Y","TUX.juvenile","TUX.juvenile","juvenile",0.741072125136527,2.90095362261045,0.255458108451133
"UVE.cyc.adult","UVE",32,1989-11-01,2018-09-01,"Y","UVE.cyc","UVE.adult","cyc",0.0740740740740741,0.254133597883598,0.291476903057905
"UVE.lact.adult","UVE",32,1989-11-01,2018-09-01,"Y","UVE.lact","UVE.adult","lact",0.28673835125448,1.36207284948304,0.210516163921268
"UVE.preg.adult","UVE",32,1989-11-01,2018-09-01,"Y","UVE.preg","UVE.adult","preg",0.0344827586206897,0.606354225403701,0.0568690002906001
"VBE.cyc.adult","VBE",140,2001-11-01,2024-11-30,"Y","VBE.cyc","VBE.adult","cyc",0.0688346883468835,0.900371256727073,0.0764514502574232
"VBE.juvenile.juvenile","VBE",140,2001-11-01,2024-11-30,"Y","VBE.juvenile","VBE.juvenile","juvenile",0.241424957699764,1.03706418379938,0.232796543812053
"VBE.lact.adult","VBE",140,2001-11-01,2024-11-30,"Y","VBE.lact","VBE.adult","lact",0.118055555555556,0.841125074723826,0.140354340993006
"VBE.preg.adult","VBE",140,2001-11-01,2024-11-30,"Y","VBE.preg","VBE.adult","preg",0.150594948467289,1.08864901600321,0.138331956630221
"VLT.juvenile.juvenile","VLT",23,2010-12-01,2024-11-30,"Y","VLT.juvenile","VLT.juvenile","juvenile",0.288141025641026,3.49146911999252,0.0825271585508518
"WHE.lact.adult","WHE",38,2004-11-01,2024-11-30,"Y","WHE.lact","WHE.adult","lact",0.0969827586206897,0.433182914027127,0.223884081020371
"WHN.juvenile.juvenile","WHN",93,2006-11-01,2024-11-30,"Y","WHN.juvenile","WHN.juvenile","juvenile",0.0650533437418683,0.862067089977176,0.0754620429177858
"WHN.lact.adult","WHN",93,2006-11-01,2024-11-30,"Y","WHN.lact","WHN.adult","lact",0.0349969567863664,0.245622978500485,0.142482421636693
"WHN.preg.adult","WHN",93,2006-11-01,2024-11-30,"Y","WHN.preg","WHN.adult","preg",0.161218724778047,1.0015319740902,0.160972119661481
"WHO.juvenile.juvenile","WHO",59,2003-05-17,2024-11-30,"Y","WHO.juvenile","WHO.juvenile","juvenile",0.00943396226415094,0.314064709672146,0.0300382754687692
"WHO.lact.adult","WHO",59,2003-05-17,2024-11-30,"Y","WHO.lact","WHO.adult","lact",0.037037037037037,0.57386338980056,0.0645398150418846
"WHT.lact.adult","WHT",28,1992-11-01,2024-11-30,"Y","WHT.lact","WHT.adult","lact",0.438544277360067,2.27845141580846,0.192474710813379
"WHZ.juvenile.juvenile","WHZ",21,2019-11-01,2024-11-30,"Y","WHZ.juvenile","WHZ.juvenile","juvenile",0.454998970049026,1.40611524745745,0.323585830444381
"WIY.juvenile.juvenile","WIY",132,2016-11-06,2024-11-30,"Y","WIY.juvenile","WIY.juvenile","juvenile",0.692153361397702,2.47904936434641,0.279201120942658
"WNG.lact.adult","WNG",141,1994-11-01,2024-11-30,"Y","WNG.lact","WNG.adult","lact",0.0951805008408782,0.557337428148849,0.170777155873081
"WNG.preg.adult","WNG",141,1994-11-01,2024-11-30,"Y","WNG.preg","WNG.adult","preg",0.0416666666666667,0.634767881122034,0.0656407923365868
"WOF.cyc.adult","WOF",279,2002-10-19,2022-08-28,"Y","WOF.cyc","WOF.adult","cyc",0.0772604588394062,1.30272542937382,0.0593067864473506
"WOF.juvenile.juvenile","WOF",279,2002-10-19,2022-08-28,"Y","WOF.juvenile","WOF.juvenile","juvenile",0.345150397301964,2.10103626104085,0.164276268668955
"WOF.lact.adult","WOF",279,2002-10-19,2022-08-28,"Y","WOF.lact","WOF.adult","lact",0.311538077033444,3.1592831592931,0.0986103686581711
"WOF.preg.adult","WOF",279,2002-10-19,2022-08-28,"Y","WOF.preg","WOF.adult","preg",0.182840429821249,1.66455301108155,0.109843560766171
"WOP.juvenile.juvenile","WOP",36,2014-09-01,2024-11-30,"Y","WOP.juvenile","WOP.juvenile","juvenile",0.1,1.0340070415518,0.0967111402354898
"WOP.preg.adult","WOP",36,2014-09-01,2024-11-30,"Y","WOP.preg","WOP.adult","preg",0.238095238095238,0.794593273594485,0.299644165143976
"WPY.juvenile.juvenile","WPY",31,2016-11-01,2024-11-30,"Y","WPY.juvenile","WPY.juvenile","juvenile",0.193227513227513,0.5728066174738,0.337334638485302
"ZEP.cyc.adult","ZEP",187,2004-11-01,2024-11-30,"Y","ZEP.cyc","ZEP.adult","cyc",0.209437621202327,1.6458365653414,0.127252988305605
"ZEP.juvenile.juvenile","ZEP",187,2004-11-01,2024-11-30,"Y","ZEP.juvenile","ZEP.juvenile","juvenile",0.528125,2.24325521372467,0.235427960567674
"ZEP.preg.adult","ZEP",187,2004-11-01,2024-11-30,"Y","ZEP.preg","ZEP.adult","preg",0.131707317073171,2.68885431158513,0.0489826899530034
"ZIP.cyc.adult","ZIP",358,1990-11-01,2017-04-03,"Y","ZIP.cyc","ZIP.adult","cyc",0.254595588235294,1.72656427571182,0.147457926598377
"ZIP.lact.adult","ZIP",358,1990-11-01,2017-04-03,"Y","ZIP.lact","ZIP.adult","lact",0.2,1.20324790641549,0.166216786194797
"ZIP.preg.adult","ZIP",358,1990-11-01,2017-04-03,"Y","ZIP.preg","ZIP.adult","preg",0.371951219512195,2.09762633363774,0.177320056269102
