"Age.ID","Combined.ID","Dolphin.ID","Sightings","entrydate","departdate","genotyped","Repro.ID","AgeCat","AgeSightings","tot.strength","age.strength","norm.age","avg.tot.age.str","norm.age.indiv","ReproCat"
"ALT.adult","ALT.lact.adult","ALT",41,1992-11-01,2024-11-30,"Y","ALT.lact","adult",33,1.82678535263675,1.59663480085933,0.874013358249656,1.59663480085933,1,"lact"
"AMO.juvenile","AMO.juvenile.juvenile","AMO",52,2000-11-01,2016-05-01,"Y","AMO.juvenile","juvenile",29,2.04102028205185,1.53213497881492,0.750671118894836,1.37642811043458,1.11312386546012,"juvenile"
"AMP.elder","AMP.lact.elder","AMP",67,1986-11-01,2024-11-30,"Y","AMP.lact","elder",51,0.560069684935747,1.75779630342327,3.13853141975525,1.05107976134635,1.67237194365883,"lact"
"ANE.juvenile","ANE.juvenile.juvenile","ANE",55,2013-11-01,2024-11-30,"Y","ANE.juvenile","juvenile",29,3.3967719616235,2.47586806789659,0.728888514115394,2.4239165979741,1.02143286199117,"juvenile"
"ASN.juvenile","ASN.juvenile.juvenile","ASN",93,2008-01-01,2021-05-01,"Y","ASN.juvenile","juvenile",46,1.19632936225615,0.794288018942238,0.663937577728841,0.637245282940962,1.24644001329677,"juvenile"
"BAD.adult","BAD.cyc.adult","BAD",171,1986-11-01,2024-11-30,"Y","BAD.cyc","adult",127,1.07678299660288,1.85554565830146,1.72323083124036,1.55912208642585,1.19012210426391,"cyc"
"BLB.adult","BLB.lact.adult","BLB",83,1976-11-01,2016-05-01,"Y","BLB.lact","adult",25,0.0284434054159361,0.0896435229512186,3.15164522814113,0.416533098566288,0.21521344464527,"lact"
"BLI.adult","BLI.lact.adult","BLI",431,1974-11-01,2020-05-01,"Y","BLI.lact","adult",247,0.649671513343266,0.729295041594277,1.12255967302808,0.98780831627196,0.738296114317679,"lact"
"BLK.adult","BLK.cyc.adult","BLK",95,2000-11-01,2024-11-30,"Y","BLK.cyc","adult",58,1.09953683207439,1.7039806456286,1.54972584448478,1.08644372989078,1.56840211669305,"cyc"
"BLK.juvenile","BLK.juvenile.juvenile","BLK",95,2000-11-01,2024-11-30,"Y","BLK.juvenile","juvenile",33,0.572950583011611,0.468906814152965,0.81840708091829,1.08644372989078,0.431597883306946,"juvenile"
"BLM.juvenile","BLM.juvenile.juvenile","BLM",115,2015-11-20,2024-11-30,"Y","BLM.juvenile","juvenile",51,2.96085876585148,2.11466340530027,0.714206104556338,2.36486926902864,0.894198860374577,"juvenile"
"BNG.juvenile","BNG.juvenile.juvenile","BNG",70,2004-11-01,2019-05-01,"Y","BNG.juvenile","juvenile",19,0.990354698473094,0.574320551569996,0.57991399693006,0.622980002042409,0.921892435852057,"juvenile"
"BOM.elder","BOM.lact.elder","BOM",102,1985-11-01,2021-05-01,"Y","BOM.lact","elder",27,0.0833333333333333,0.352208568791798,4.22650282550158,0.472453275787025,0.745488679711406,"lact"
"BOR.juvenile","BOR.juvenile.juvenile","BOR",30,2016-10-14,2024-11-30,"Y","BOR.juvenile","juvenile",14,0.852579780265202,0.659722637408059,0.773795781554715,0.806683976424544,0.817820431158358,"juvenile"
"BRE.adult","BRE.preg.adult","BRE",66,1981-11-01,2024-11-30,"Y","BRE.preg","adult",47,0.236518626534944,0.192311641029402,0.813093006021619,0.647796356507938,0.29687051972026,"preg"
"BRE.elder","BRE.lact.elder","BRE",66,1981-11-01,2024-11-30,"Y","BRE.lact","elder",18,1.07223685544052,1.10328107198647,1.02895276019327,0.647796356507938,1.70312948027974,"lact"
"BSS.juvenile","BSS.juvenile.juvenile","BSS",299,2002-12-12,2019-07-26,"Y","BSS.juvenile","juvenile",114,1.61571181697033,1.27251217147592,0.787586101748048,1.98133276779675,0.642250606338558,"juvenile"
"BUT.adult","BUT.lact.adult","BUT",23,2006-11-01,2024-11-30,"Y","BUT.lact","adult",11,2.16269120379895,0.641656281627473,0.296693434781789,0.641656281627473,1,"lact"
"BYT.adult","BYT.lact.adult","BYT",344,1976-11-01,2024-11-30,"Y","BYT.lact","adult",143,0.148133007211413,0.17745377500747,1.19793541188434,0.424278736806824,0.418248098745202,"lact"
"BYT.elder","BYT.cyc.elder","BYT",344,1976-11-01,2024-11-30,"Y","BYT.cyc","elder",201,0.0949458306561005,0.671103698606178,7.06827981775162,0.424278736806824,1.5817519012548,"cyc"
"BZD.juvenile","BZD.juvenile.juvenile","BZD",16,2017-11-01,2024-11-30,"Y","BZD.juvenile","juvenile",15,0.721002886002886,0.645582010582011,0.895394488863983,0.645582010582011,1,"juvenile"
"CCU.juvenile","CCU.juvenile.juvenile","CCU",16,2015-11-15,2019-05-01,"Y","CCU.juvenile","juvenile",16,1.14328899358681,0.899688775721889,0.786930321877166,0.899688775721889,1,"juvenile"
"CDB.adult","CDB.lact.adult","CDB",40,2012-01-15,2024-11-30,"Y","CDB.lact","adult",10,0.439750340695719,0.0973559274135998,0.221389089226344,0.358335997572204,0.271688940193576,"lact"
"CDB.juvenile","CDB.juvenile.juvenile","CDB",40,2012-01-15,2024-11-30,"Y","CDB.juvenile","juvenile",21,0.884973827073093,0.619316067730808,0.69981286314319,0.358335997572204,1.72831105980642,"juvenile"
"CHL.adult","CHL.lact.adult","CHL",35,2004-05-01,2017-05-01,"Y","CHL.lact","adult",10,0.841125818625819,0.406308882678037,0.483053633214874,0.498888759566466,0.814427815593839,"lact"
"CHL.juvenile","CHL.juvenile.juvenile","CHL",35,2004-05-01,2017-05-01,"Y","CHL.juvenile","juvenile",18,0.797870179813012,0.591468636454896,0.741309365131946,0.498888759566466,1.18557218440616,"juvenile"
"CHT.juvenile","CHT.juvenile.juvenile","CHT",33,1997-11-01,2024-11-30,"Y","CHT.juvenile","juvenile",10,0.0676393356805728,0.0668538668538669,0.988387395902063,0.277897846636808,0.240569934826591,"juvenile"
"CLA.juvenile","CLA.juvenile.juvenile","CLA",49,1997-11-01,2024-11-30,"Y","CLA.juvenile","juvenile",10,0.188178488178488,0.174107193619389,0.925223681541364,0.225347579852806,0.772616212400032,"juvenile"
"CLO.juvenile","CLO.juvenile.juvenile","CLO",118,1996-11-01,2024-11-30,"Y","CLO.juvenile","juvenile",22,1.22364375582367,0.933489812662695,0.762877110449794,2.08242067846735,0.448271486311661,"juvenile"
"CLV.juvenile","CLV.juvenile.juvenile","CLV",50,2000-11-01,2024-11-30,"Y","CLV.juvenile","juvenile",24,1.61221079302437,1.15920995642604,0.719018853763819,1.19461581467752,0.970362138340654,"juvenile"
"COI.juvenile","COI.juvenile.juvenile","COI",73,2003-11-01,2024-11-30,"Y","COI.juvenile","juvenile",11,0.85743356116714,0.590734149838047,0.68895617875505,0.842590256323528,0.701093022859765,"juvenile"
"COK.adult","COK.cyc.adult","COK",31,2011-01-21,2024-11-30,"Y","COK.cyc","adult",13,0.591693905509695,0.251876772465008,0.425687623481666,0.250769492697793,1.00441552820202,"cyc"
"COK.juvenile","COK.juvenile.juvenile","COK",31,2011-01-21,2024-11-30,"Y","COK.juvenile","juvenile",11,0.36028672573295,0.249662212930579,0.692954236442317,0.250769492697793,0.995584471797975,"juvenile"
"COP.juvenile","COP.juvenile.juvenile","COP",61,2005-11-01,2024-11-30,"Y","COP.juvenile","juvenile",16,2.07370691623336,0.979713473490792,0.472445486785724,1.4045631546205,0.697521838208481,"juvenile"
"CRP.juvenile","CRP.juvenile.juvenile","CRP",35,2002-02-01,2024-11-30,"Y","CRP.juvenile","juvenile",10,0.383193536039836,0.195628716478967,0.510521963655019,0.582433969363658,0.335881364702513,"juvenile"
"CRV.juvenile","CRV.juvenile.juvenile","CRV",145,1998-11-01,2024-11-30,"Y","CRV.juvenile","juvenile",58,1.12703845818566,0.926180381690892,0.821782411207054,1.27895345906625,0.724170512324264,"juvenile"
"CSK.juvenile","CSK.juvenile.juvenile","CSK",66,1999-11-01,2014-05-01,"Y","CSK.juvenile","juvenile",30,0.93542423863028,0.720418416937849,0.770151538934614,0.796111505010067,0.904921499569007,"juvenile"
"CVO.juvenile","CVO.juvenile.juvenile","CVO",23,2014-02-01,2024-11-30,"Y","CVO.juvenile","juvenile",12,1.23104185116569,0.941358933464197,0.764684752653057,0.941358933464197,1,"juvenile"
"CYR.adult","CYR.preg.adult","CYR",56,1993-11-01,2024-11-30,"Y","CYR.preg","adult",42,0.337679649666171,0.635901754573252,1.88315095446795,0.744571035292415,0.854051157554785,"preg"
"DCH.juvenile","DCH.juvenile.juvenile","DCH",64,2015-02-15,2024-11-30,"Y","DCH.juvenile","juvenile",43,2.84223156315596,1.98480054791447,0.698324715566309,1.39912374360283,1.41860257678388,"juvenile"
"DCK.juvenile","DCK.juvenile.juvenile","DCK",16,2021-11-24,2024-11-30,"Y","DCK.juvenile","juvenile",16,0.93684724398401,0.672779481095911,0.718131462109947,0.672779481095911,1,"juvenile"
"DEM.juvenile","DEM.juvenile.juvenile","DEM",342,1990-11-01,2024-11-30,"Y","DEM.juvenile","juvenile",37,0.141141552033902,0.092820003496232,0.657637684711989,0.317022064189852,0.292787203103459,"juvenile"
"DJY.juvenile","DJY.juvenile.juvenile","DJY",19,2012-11-01,2024-11-30,"Y","DJY.juvenile","juvenile",10,3.68477703029267,1.71080982754998,0.464291275560327,1.71080982754998,1,"juvenile"
"DMK.adult","DMK.lact.adult","DMK",26,1995-11-01,2024-11-30,"Y","DMK.lact","adult",14,1.35496333893092,0.723074886919151,0.533649041375293,0.723074886919151,1,"lact"
"DOD.juvenile","DOD.juvenile.juvenile","DOD",209,2003-10-15,2024-11-30,"Y","DOD.juvenile","juvenile",55,0.425350528547844,0.256033011890316,0.601934157139567,0.570046862900795,0.449143795980986,"juvenile"
"DOP.juvenile","DOP.juvenile.juvenile","DOP",22,2013-11-01,2024-11-30,"Y","DOP.juvenile","juvenile",12,1.32235042099006,1.08604818027715,0.821301345723482,0.780032181519731,1.39231201738524,"juvenile"
"DOU.juvenile","DOU.juvenile.juvenile","DOU",22,2021-11-19,2024-11-30,"Y","DOU.juvenile","juvenile",22,1.9855557687113,1.42229544005668,0.716321073660802,1.42229544005668,1,"juvenile"
"DOY.juvenile","DOY.juvenile.juvenile","DOY",23,2019-05-10,2024-11-30,"Y","DOY.juvenile","juvenile",23,3.939493749675,2.960387073983,0.751463833196139,2.960387073983,1,"juvenile"
"DUC.juvenile","DUC.juvenile.juvenile","DUC",48,1997-12-22,2024-11-30,"Y","DUC.juvenile","juvenile",13,1.13572882958147,0.820181278713441,0.722162947132096,0.9853014233136,0.832416618211253,"juvenile"
"EDE.juvenile","EDE.juvenile.juvenile","EDE",337,2007-11-19,2024-11-30,"Y","EDE.juvenile","juvenile",108,2.18181772529589,1.52554832727818,0.699209796304725,2.27832134004249,0.669593134412604,"juvenile"
"EED.adult","EED.cyc.adult","EED",250,1978-11-01,2018-05-01,"Y","EED.cyc","adult",186,0.468583694147556,0.767847880026933,1.63865684960249,1.19897348295242,0.640421069310174,"cyc"
"EED.elder","EED.preg.elder","EED",250,1978-11-01,2018-05-01,"Y","EED.preg","elder",64,0.473126876432295,1.63009908587791,3.44537409958612,1.19897348295242,1.35957893068983,"preg"
"ENC.juvenile","ENC.juvenile.juvenile","ENC",32,2010-11-01,2024-11-30,"Y","ENC.juvenile","juvenile",19,0.965257797122786,0.749123364284425,0.776086312400056,0.687569998670931,1.08952305326363,"juvenile"
"FID.adult","FID.lact.adult","FID",53,1985-11-01,2024-11-30,"Y","FID.lact","adult",27,0.077231609489674,0.0979774828372227,1.26861894352108,0.18695589821944,0.524067353693338,"lact"
"FNT.juvenile","FNT.juvenile.juvenile","FNT",67,1993-11-01,2024-11-30,"Y","FNT.juvenile","juvenile",17,0.225560134142061,0.180232179322233,0.799042703214212,0.230095519003721,0.783292869424885,"juvenile"
"FRK.juvenile","FRK.juvenile.juvenile","FRK",22,2012-01-01,2024-11-30,"Y","FRK.juvenile","juvenile",14,0.131958178071731,0.0824712490445973,0.624980203953459,0.0824712490445973,1,"juvenile"
"FRL.juvenile","FRL.juvenile.juvenile","FRL",64,1999-11-01,2024-11-30,"Y","FRL.juvenile","juvenile",19,1.2082603754821,0.928793875976529,0.768703414283479,1.0650804891474,0.872041019848212,"juvenile"
"FSB.juvenile","FSB.juvenile.juvenile","FSB",52,2011-11-01,2024-11-30,"Y","FSB.juvenile","juvenile",26,1.18921815014894,0.671802509326226,0.564911079806584,0.898158040713314,0.747978060512249,"juvenile"
"FUF.juvenile","FUF.juvenile.juvenile","FUF",205,1991-11-01,2024-11-30,"Y","FUF.juvenile","juvenile",54,0.53959500109091,0.403642214172847,0.748046615251801,1.00440146116898,0.40187338407798,"juvenile"
"FUT.juvenile","FUT.juvenile.juvenile","FUT",261,2011-11-13,2024-11-30,"Y","FUT.juvenile","juvenile",140,2.49757033488622,1.93559845510329,0.774992571006601,2.04589243614183,0.9460900391975,"juvenile"
"GAB.juvenile","GAB.juvenile.juvenile","GAB",118,1994-11-01,2024-11-30,"Y","GAB.juvenile","juvenile",10,0.445519658184442,0.299717488870774,0.672736844188125,0.87644680389532,0.341968830896177,"juvenile"
"GEK.juvenile","GEK.juvenile.juvenile","GEK",43,2013-11-08,2024-11-30,"Y","GEK.juvenile","juvenile",43,1.61857946475574,1.24319488172795,0.768077755092219,1.24319488172795,1,"juvenile"
"GMP.juvenile","GMP.juvenile.juvenile","GMP",115,2001-11-01,2024-11-30,"Y","GMP.juvenile","juvenile",41,1.08314830379345,0.865219909450785,0.798800964208293,1.0518141934206,0.822597674440017,"juvenile"
"GOD.adult","GOD.cyc.adult","GOD",44,1986-11-01,2019-12-15,"Y","GOD.cyc","adult",17,0.111904761904762,0.309193295200287,2.76300391455576,0.624857803647462,0.494821851300317,"cyc"
"GRG.juvenile","GRG.juvenile.juvenile","GRG",30,2000-10-18,2016-05-01,"Y","GRG.juvenile","juvenile",18,0.294549505455323,0.160170221496273,0.543780310371519,0.161037300189353,0.994615665488306,"juvenile"
"GUA.juvenile","GUA.juvenile.juvenile","GUA",83,2010-11-01,2024-11-30,"Y","GUA.juvenile","juvenile",36,0.607749433127574,0.488810155644672,0.804295535298451,0.483882285614612,1.01018402652166,"juvenile"
"GUM.adult","GUM.cyc.adult","GUM",176,1976-11-01,2017-05-01,"Y","GUM.cyc","adult",77,0.0780792135930663,0.371541199007873,4.75851615186948,0.53118923442601,0.699451673581735,"cyc"
"GUM.elder","GUM.lact.elder","GUM",176,1976-11-01,2017-05-01,"Y","GUM.lact","elder",91,0.509132781110501,0.690837269844146,1.35689017772008,0.53118923442601,1.30054832641827,"lact"
"HAT.juvenile","HAT.juvenile.juvenile","HAT",47,2002-11-01,2024-11-30,"Y","HAT.juvenile","juvenile",26,0.746709105025596,0.627611366288787,0.840503165241668,0.706003000639322,0.888964162645842,"juvenile"
"HBB.elder","HBB.lact.elder","HBB",144,1985-11-01,2017-05-01,"Y","HBB.lact","elder",27,0.356057332890857,0.252515409418661,0.709198733160384,0.544530669555798,0.46373037100858,"lact"
"HFF.juvenile","HFF.juvenile.juvenile","HFF",233,2009-12-10,2024-11-30,"Y","HFF.juvenile","juvenile",112,2.75076360371453,2.04559394245559,0.743645851534932,2.32109877496756,0.881304132558589,"juvenile"
"HOW.juvenile","HOW.juvenile.juvenile","HOW",42,2005-11-01,2021-05-01,"Y","HOW.juvenile","juvenile",13,0.86940911260585,0.444645457506841,0.511434089037922,0.79191864314042,0.561478709155731,"juvenile"
"HRS.adult","HRS.lact.adult","HRS",70,2001-10-15,2024-11-30,"Y","HRS.lact","adult",39,0.874163310535284,0.801624773185057,0.917019467099565,0.811432881961064,0.987912606212971,"lact"
"HRS.juvenile","HRS.juvenile.juvenile","HRS",70,2001-10-15,2024-11-30,"Y","HRS.juvenile","juvenile",31,0.967550187442292,0.821240990737071,0.848783868160899,0.811432881961064,1.01208739378703,"juvenile"
"HUB.juvenile","HUB.juvenile.juvenile","HUB",34,2011-12-01,2024-11-30,"Y","HUB.juvenile","juvenile",22,0.507348120991194,0.418278028339242,0.824439888576038,0.304510588519982,1.37360750039007,"juvenile"
"IBL.juvenile","IBL.juvenile.juvenile","IBL",30,2003-11-01,2024-11-30,"Y","IBL.juvenile","juvenile",10,0.138888888888889,0.0555555555555556,0.4,0.238668516940576,0.232772869533471,"juvenile"
"IBX.elder","IBX.lact.elder","IBX",78,1980-11-01,2024-11-30,"Y","IBX.lact","elder",39,0.397514936330726,0.225449820683027,0.56714804923822,0.216757371474927,1.04010220805388,"lact"
"IND.adult","IND.cyc.adult","IND",88,1999-11-01,2024-11-30,"Y","IND.cyc","adult",39,0.723628101474401,0.503837192940707,0.696265377082693,0.361161633465734,1.3950462791572,"cyc"
"IND.juvenile","IND.juvenile.juvenile","IND",88,1999-11-01,2024-11-30,"Y","IND.juvenile","juvenile",45,0.265224844792814,0.21848607399076,0.82377680025201,0.361161633465734,0.604953720842803,"juvenile"
"ITG.juvenile","ITG.juvenile.juvenile","ITG",25,2015-10-21,2024-11-30,"Y","ITG.juvenile","juvenile",19,1.74069774840204,1.24072574625967,0.712774947516683,1.24072574625967,1,"juvenile"
"JAH.adult","JAH.lact.adult","JAH",43,2012-11-01,2024-11-30,"Y","JAH.lact","adult",17,0.448830911278536,0.232442064003819,0.517883368018674,0.603805141424864,0.384962048278192,"lact"
"JAH.juvenile","JAH.juvenile.juvenile","JAH",43,2012-11-01,2024-11-30,"Y","JAH.juvenile","juvenile",19,1.28009112887549,0.97516821884591,0.761795935342945,0.603805141424864,1.61503795172181,"juvenile"
"JAS.elder","JAS.lact.elder","JAS",216,1983-11-01,2020-05-01,"Y","JAS.lact","elder",49,0.0833333333333333,0.810613297732973,9.72735957279568,0.786510672341571,1.03064500742202,"lact"
"JMY.juvenile","JMY.juvenile.juvenile","JMY",74,2000-11-01,2024-11-30,"Y","JMY.juvenile","juvenile",39,0.963817036500892,0.815494099015625,0.84610882369983,0.729948476621938,1.11719405565387,"juvenile"
"JND.juvenile","JND.juvenile.juvenile","JND",27,2022-12-19,2024-11-30,"Y","JND.juvenile","juvenile",27,1.84726771866927,1.66754974832685,0.902711464869919,1.66754974832685,1,"juvenile"
"JNI.adult","JNI.lact.adult","JNI",61,1986-11-01,2019-05-01,"Y","JNI.lact","adult",49,0.206811594202899,0.863527775224282,4.17543212967592,0.728188420318727,1.18585760378656,"lact"
"JNI.elder","JNI.lact.elder","JNI",61,1986-11-01,2019-05-01,"Y","JNI.lact","elder",12,0.675639758828852,0.592849065413171,0.877463260067481,0.728188420318727,0.814142396213445,"lact"
"JUI.juvenile","JUI.juvenile.juvenile","JUI",111,2005-11-01,2024-11-30,"Y","JUI.juvenile","juvenile",31,0.907559554399403,0.619600154883721,0.68271018896799,1.20970740252774,0.512190099514179,"juvenile"
"JUM.adult","JUM.cyc.adult","JUM",68,1989-11-01,2024-11-30,"Y","JUM.cyc","adult",48,0.420419650051426,0.609312750517072,1.44929655510284,0.380282157256121,1.60226489434449,"cyc"
"KIT.elder","KIT.preg.elder","KIT",236,1993-11-01,2024-11-30,"Y","KIT.preg","elder",24,0.436737872109223,0.253449894531924,0.580324974584615,0.33783731797073,0.750212842246996,"preg"
"KIT.juvenile","KIT.juvenile.juvenile","KIT",236,1993-11-01,2024-11-30,"Y","KIT.juvenile","juvenile",50,0.217063022016612,0.123184070679691,0.567503711757331,0.33783731797073,0.364625410299886,"juvenile"
"KIY.adult","KIY.preg.adult","KIY",515,2001-12-13,2024-11-30,"Y","KIY.preg","adult",347,3.34104147813968,3.07888898984363,0.921535697772294,2.18075377667939,1.41184622618507,"preg"
"KIY.juvenile","KIY.juvenile.juvenile","KIY",515,2001-12-13,2024-11-30,"Y","KIY.juvenile","juvenile",168,1.64189494678541,1.28261856351515,0.781181869172769,2.18075377667939,0.588153773814933,"juvenile"
"KNG.juvenile","KNG.juvenile.juvenile","KNG",35,2000-11-01,2024-11-30,"Y","KNG.juvenile","juvenile",14,0.350818943987385,0.294989536996182,0.840859771263633,0.202528789948904,1.45653137546817,"juvenile"
"KOA.juvenile","KOA.juvenile.juvenile","KOA",33,2003-11-01,2024-11-30,"Y","KOA.juvenile","juvenile",14,0.587651226471823,0.474694633578256,0.807782936876107,0.50643775512081,0.937320783804948,"juvenile"
"LEN.juvenile","LEN.juvenile.juvenile","LEN",168,2006-02-15,2021-05-01,"Y","LEN.juvenile","juvenile",52,2.39422305005634,1.7358002235338,0.724995201885203,2.14532841220631,0.809106994368596,"juvenile"
"LIC.elder","LIC.lact.elder","LIC",630,1988-11-01,2024-11-30,"Y","LIC.lact","elder",115,1.3642174024429,1.83092582106829,1.34210707017053,1.30919808349453,1.39850939605805,"lact"
"LIC.juvenile","LIC.juvenile.juvenile","LIC",630,1988-11-01,2024-11-30,"Y","LIC.juvenile","juvenile",123,0.259367863682881,0.181393047758629,0.699365932166566,1.30919808349453,0.138552790479536,"juvenile"
"LIT.juvenile","LIT.juvenile.juvenile","LIT",154,1991-11-01,2024-11-30,"Y","LIT.juvenile","juvenile",59,0.546662962233787,0.427648086331284,0.782288385852625,1.09904370699948,0.389109262541353,"juvenile"
"LOO.juvenile","LOO.juvenile.juvenile","LOO",29,2014-11-01,2024-11-30,"Y","LOO.juvenile","juvenile",25,2.04191089766034,1.73652438348098,0.850440822599421,1.73652438348098,1,"juvenile"
"LYR.juvenile","LYR.juvenile.juvenile","LYR",22,2011-11-01,2024-11-30,"Y","LYR.juvenile","juvenile",16,1.06590808863273,0.517893050859993,0.4858702700383,0.517893050859993,1,"juvenile"
"MOU.elder","MOU.preg.elder","MOU",450,1995-09-29,2024-11-30,"Y","MOU.preg","elder",43,1.17828107804113,1.21961434120141,1.03507928959446,0.959355414667123,1.2712852010374,"preg"
"MOU.juvenile","MOU.juvenile.juvenile","MOU",450,1995-09-29,2024-11-30,"Y","MOU.juvenile","juvenile",168,0.670964463301957,0.457614980622668,0.682025659556765,0.959355414667123,0.477002551532428,"juvenile"
"MYS.juvenile","MYS.juvenile.juvenile","MYS",66,2003-01-01,2024-11-30,"Y","MYS.juvenile","juvenile",15,0.959713966509955,0.572664726749306,0.596703545778153,0.956652390929074,0.5986131767184,"juvenile"
"NET.juvenile","NET.juvenile.juvenile","NET",39,2013-12-01,2024-11-30,"Y","NET.juvenile","juvenile",17,1.19557932034712,0.695292672367914,0.581552943025182,0.68734121513336,1.01156842781938,"juvenile"
"NIC.elder","NIC.preg.elder","NIC",711,1979-12-29,2015-07-06,"Y","NIC.preg","elder",140,0.319832259507569,0.804118216646677,2.51418733646425,0.81066422685728,0.991925127575964,"preg"
"NIC.juvenile","NIC.juvenile.juvenile","NIC",711,1979-12-29,2015-07-06,"Y","NIC.juvenile","juvenile",31,0.449190572494968,0.369789693475768,0.823235651233331,0.81066422685728,0.45615642238136,"juvenile"
"NOE.juvenile","NOE.juvenile.juvenile","NOE",143,2012-08-27,2024-11-30,"Y","NOE.juvenile","juvenile",83,2.07096411749395,1.57575075711081,0.760877865434776,1.38941248872368,1.13411299372896,"juvenile"
"NUM.adult","NUM.preg.adult","NUM",58,1995-11-01,2024-11-30,"Y","NUM.preg","adult",40,0.215971915081822,0.822961747174685,3.81050354099468,0.468794429990636,1.75548533541903,"preg"
"NUM.juvenile","NUM.juvenile.juvenile","NUM",58,1995-11-01,2024-11-30,"Y","NUM.juvenile","juvenile",11,0.28378056044671,0.114627112806588,0.403928699788839,0.468794429990636,0.24451466458097,"juvenile"
"OLI.elder","OLI.lact.elder","OLI",138,1983-11-01,2024-11-30,"Y","OLI.lact","elder",50,0.943406806564701,0.707019515879408,0.74943228198017,0.532805204255357,1.32697561929323,"lact"
"OPY.juvenile","OPY.juvenile.juvenile","OPY",88,2011-11-01,2024-11-30,"Y","OPY.juvenile","juvenile",46,0.915793544891643,0.673511652340658,0.735440488849862,0.525171237761649,1.28246104110967,"juvenile"
"PDR.juvenile","PDR.juvenile.juvenile","PDR",31,2010-11-01,2024-11-30,"Y","PDR.juvenile","juvenile",15,4.05048253307199,2.08582145004283,0.514956288050177,1.57928070457604,1.3207414261436,"juvenile"
"PEG.adult","PEG.cyc.adult","PEG",637,1993-11-01,2015-06-18,"Y","PEG.cyc","adult",387,0.468261548209361,2.31571682013293,4.94534908746674,1.49165284199696,1.55245024508031,"cyc"
"PEG.juvenile","PEG.juvenile.juvenile","PEG",637,1993-11-01,2015-06-18,"Y","PEG.juvenile","juvenile",250,0.902801903069519,0.667588863860992,0.73946328822657,1.49165284199696,0.447549754919686,"juvenile"
"PHA.adult","PHA.preg.adult","PHA",138,1990-11-01,2024-11-30,"Y","PHA.preg","adult",101,0.373204425622195,1.06700509849245,2.85903656344259,0.613306536803785,1.73975823582949,"preg"
"PHX.juvenile","PHX.juvenile.juvenile","PHX",13,2018-12-01,2024-11-30,"Y","PHX.juvenile","juvenile",13,0.698707904121592,0.608539538175602,0.870949841251118,0.608539538175602,1,"juvenile"
"PIC.adult","PIC.preg.adult","PIC",812,1996-12-06,2024-11-30,"Y","PIC.preg","adult",457,2.51907692025679,2.30223938109603,0.913921826913228,1.56639773623529,1.46976679539213,"preg"
"PIC.elder","PIC.lact.elder","PIC",812,1996-12-06,2024-11-30,"Y","PIC.lact","elder",23,1.1538027870362,0.845294859659253,0.732616413443221,1.56639773623529,0.539642544230721,"lact"
"PIC.juvenile","PIC.juvenile.juvenile","PIC",812,1996-12-06,2024-11-30,"Y","PIC.juvenile","juvenile",329,1.70398547622469,1.55165896795058,0.91060574729099,1.56639773623529,0.990590660377144,"juvenile"
"POL.juvenile","POL.juvenile.juvenile","POL",78,1998-11-01,2019-05-01,"Y","POL.juvenile","juvenile",30,2.04932850566575,1.56233465077922,0.762364182443104,1.61745804773045,0.965919736200526,"juvenile"
"PUC.juvenile","PUC.juvenile.juvenile","PUC",1061,1980-12-01,2019-03-22,"Y","PUC.juvenile","juvenile",76,0.602846667481099,0.429941569356874,0.713185611779721,1.34973230692107,0.31853839991252,"juvenile"
"PWE.juvenile","PWE.juvenile.juvenile","PWE",27,2009-11-01,2024-11-30,"Y","PWE.juvenile","juvenile",20,1.20224546841515,0.845485063045732,0.703254938577798,0.845485063045732,1,"juvenile"
"RBD.juvenile","RBD.juvenile.juvenile","RBD",65,2003-11-01,2024-11-30,"Y","RBD.juvenile","juvenile",15,0.668299595378231,0.5509370226845,0.824386287968185,0.590430230515447,0.933111135253917,"juvenile"
"RDC.juvenile","RDC.juvenile.juvenile","RDC",40,2010-04-01,2024-11-30,"Y","RDC.juvenile","juvenile",19,0.893077262252471,0.552017343549831,0.618107040546036,0.616187747212252,0.895859007335443,"juvenile"
"REG.elder","REG.lact.elder","REG",31,1980-11-01,2024-11-30,"Y","REG.lact","elder",18,0.1,0.133246294469205,1.33246294469205,0.133246294469205,1,"lact"
"RHO.juvenile","RHO.juvenile.juvenile","RHO",335,2001-10-08,2024-11-30,"Y","RHO.juvenile","juvenile",132,1.63466841632818,1.2832854342344,0.785043267133613,1.84023318151079,0.697349361552571,"juvenile"
"RIP.adult","RIP.cyc.adult","RIP",133,1997-12-01,2024-11-30,"Y","RIP.cyc","adult",84,0.569542786270538,1.26979785886536,2.22950389237692,1.11232486930932,1.14157104089007,"cyc"
"RIP.juvenile","RIP.juvenile.juvenile","RIP",133,1997-12-01,2024-11-30,"Y","RIP.juvenile","juvenile",49,1.18625594113514,0.954851879753285,0.804929060114614,1.11232486930932,0.858428959109926,"juvenile"
"RKS.juvenile","RKS.juvenile.juvenile","RKS",19,2015-11-01,2024-11-30,"Y","RKS.juvenile","juvenile",10,3.26959278986263,1.65349604605638,0.505719259958928,1.65349604605638,1,"juvenile"
"RKT.juvenile","RKT.juvenile.juvenile","RKT",82,2016-03-23,2024-11-30,"Y","RKT.juvenile","juvenile",41,2.2140050173543,1.52245570788648,0.687647812878848,1.74994176862651,0.870003639653348,"juvenile"
"RSH.adult","RSH.cyc.adult","RSH",64,1989-11-01,2017-05-01,"Y","RSH.cyc","adult",64,0.288939393939394,0.637608778639796,2.20672152020066,0.637608778639796,1,"cyc"
"RSO.juvenile","RSO.juvenile.juvenile","RSO",82,2006-11-01,2024-11-30,"Y","RSO.juvenile","juvenile",12,1.11541270532266,0.613999780872666,0.550468699112632,1.37229572090416,0.447425268125243,"juvenile"
"SCA.adult","SCA.cyc.adult","SCA",113,1981-11-01,2018-05-01,"Y","SCA.cyc","adult",80,0.383779875755532,0.455116840334045,1.18587989909079,0.464988434865494,0.97877023643759,"cyc"
"SCA.elder","SCA.lact.elder","SCA",113,1981-11-01,2018-05-01,"Y","SCA.lact","elder",29,0.661935244147808,0.474860029396943,0.717381395831688,0.464988434865494,1.02122976356241,"lact"
"SCT.adult","SCT.lact.adult","SCT",49,1991-11-01,2024-11-30,"Y","SCT.lact","adult",47,0.55725855375423,1.27207939206792,2.28274538541933,1.27207939206792,1,"lact"
"SEM.juvenile","SEM.juvenile.juvenile","SEM",11,2021-11-01,2024-11-30,"Y","SEM.juvenile","juvenile",11,1.93580795364865,1.23787203606401,0.639460145687927,1.23787203606401,1,"juvenile"
"SEQ.juvenile","SEQ.juvenile.juvenile","SEQ",44,2003-03-01,2017-05-01,"Y","SEQ.juvenile","juvenile",25,0.864190392166387,0.67126534098161,0.776756310954644,0.791107372279465,0.848513570348173,"juvenile"
"SHC.juvenile","SHC.juvenile.juvenile","SHC",531,1998-10-25,2018-07-27,"Y","SHC.juvenile","juvenile",281,1.43410433331446,1.16483040522428,0.812235468623236,1.37788876499398,0.845373323897721,"juvenile"
"SKF.adult","SKF.cyc.adult","SKF",511,1998-11-01,2024-11-30,"Y","SKF.cyc","adult",290,1.44455093220715,3.42555427248037,2.37136275094601,2.38876312689867,1.43402844505883,"cyc"
"SKF.juvenile","SKF.juvenile.juvenile","SKF",511,1998-11-01,2024-11-30,"Y","SKF.juvenile","juvenile",221,1.55729548130743,1.35197198131698,0.868153794539962,2.38876312689867,0.565971554941173,"juvenile"
"SOG.elder","SOG.preg.elder","SOG",197,1995-11-01,2024-11-30,"Y","SOG.preg","elder",17,0.846327277883821,0.563808445912854,0.666182528492542,0.784979610014148,0.718245975717372,"preg"
"SOG.juvenile","SOG.juvenile.juvenile","SOG",197,1995-11-01,2024-11-30,"Y","SOG.juvenile","juvenile",49,0.428987566458903,0.321517960436669,0.749480837150255,0.784979610014148,0.409587658500932,"juvenile"
"SON.juvenile","SON.juvenile.juvenile","SON",97,2014-11-17,2024-11-30,"Y","SON.juvenile","juvenile",60,1.45350023914158,1.02277836589674,0.703665770637077,1.10391915640145,0.926497524719825,"juvenile"
"SPE.elder","SPE.lact.elder","SPE",98,1996-01-01,2024-11-30,"Y","SPE.lact","elder",11,0.111428571428571,0.04,0.35897435897436,0.174167980587181,0.229663339180634,"lact"
"SPE.juvenile","SPE.juvenile.juvenile","SPE",98,1996-01-01,2024-11-30,"Y","SPE.juvenile","juvenile",24,0.104950565037549,0.0590219714893644,0.562378787272347,0.174167980587181,0.338879576431791,"juvenile"
"SQE.juvenile","SQE.juvenile.juvenile","SQE",19,2017-10-27,2024-11-30,"Y","SQE.juvenile","juvenile",11,2.79439194986375,1.91318266379378,0.684650792773385,1.91318266379378,1,"juvenile"
"SUM.adult","SUM.lact.adult","SUM",45,1999-11-01,2024-11-30,"Y","SUM.lact","adult",13,1.63571428571429,0.339513077958456,0.207562580411283,0.471191560339188,0.720541509092517,"lact"
"SUM.juvenile","SUM.juvenile.juvenile","SUM",45,1999-11-01,2024-11-30,"Y","SUM.juvenile","juvenile",29,0.833268595085379,0.602870042719919,0.723500257030744,0.471191560339188,1.27945849090748,"juvenile"
"SUR.elder","SUR.preg.elder","SUR",789,1983-11-01,2019-03-25,"Y","SUR.preg","elder",139,0.543106923593447,0.629840832270767,1.15969950834625,0.630833914179303,0.998425763285369,"preg"
"SUR.juvenile","SUR.juvenile.juvenile","SUR",789,1983-11-01,2019-03-25,"Y","SUR.juvenile","juvenile",70,0.116337937885656,0.0622378519344161,0.53497468723906,0.630833914179303,0.0986596480238158,"juvenile"
"TAF.adult","TAF.preg.adult","TAF",87,1991-11-01,2024-11-30,"Y","TAF.preg","adult",69,0.562249696887732,0.951708348242064,1.69267916640976,0.951708348242064,1,"preg"
"TAL.juvenile","TAL.juvenile.juvenile","TAL",56,1996-11-01,2024-11-30,"Y","TAL.juvenile","juvenile",13,0.136583598956824,0.0611451787922376,0.447675850242945,0.254599365171515,0.240162337997371,"juvenile"
"TAW.adult","TAW.preg.adult","TAW",76,2004-11-01,2024-11-30,"Y","TAW.preg","adult",51,1.77277594941246,2.36119805182127,1.3319213026349,1.93116848408427,1.22267843084696,"preg"
"TAW.juvenile","TAW.juvenile.juvenile","TAW",76,2004-11-01,2024-11-30,"Y","TAW.juvenile","juvenile",19,2.17342998426495,1.50113891634728,0.690677375031689,1.93116848408427,0.777321569153038,"juvenile"
"TDL.adult","TDL.preg.adult","TDL",19,2015-11-01,2024-11-30,"Y","TDL.preg","adult",10,1.36736282866314,1.02392356848879,0.748830922579538,1.02392356848879,1,"preg"
"TOR.adult","TOR.lact.adult","TOR",35,1990-11-01,2024-11-30,"Y","TOR.lact","adult",22,0.496332371332371,0.294322211662373,0.592994188294196,0.294322211662373,1,"lact"
"TTM.adult","TTM.cyc.adult","TTM",100,2010-11-01,2024-11-30,"Y","TTM.cyc","adult",46,1.03544484049294,0.92584034879153,0.894147435560902,0.87839736718283,1.05401084222378,"cyc"
"TTM.juvenile","TTM.juvenile.juvenile","TTM",100,2010-11-01,2024-11-30,"Y","TTM.juvenile","juvenile",51,1.206067535036,0.83095438557413,0.688978321225873,0.87839736718283,0.945989157776215,"juvenile"
"TUF.adult","TUF.preg.adult","TUF",84,2014-01-23,2024-11-30,"Y","TUF.preg","adult",14,1.36528290514574,0.733188676268861,0.537023259798741,1.19386692099416,0.614129316572668,"preg"
"TUF.juvenile","TUF.juvenile.juvenile","TUF",84,2014-01-23,2024-11-30,"Y","TUF.juvenile","juvenile",65,2.28779294346296,1.65454516571947,0.723205817400168,1.19386692099416,1.38587068342733,"juvenile"
"TUK.adult","TUK.cyc.adult","TUK",174,1988-11-01,2016-04-15,"Y","TUK.cyc","adult",146,0.420718623439794,2.00511600221232,4.76593117228446,1.05137184004605,1.90714257871363,"cyc"
"TUK.juvenile","TUK.juvenile.juvenile","TUK",174,1988-11-01,2016-04-15,"Y","TUK.juvenile","juvenile",22,0.295576421271607,0.0976276778797827,0.330295892547099,1.05137184004605,0.0928574212863704,"juvenile"
"TUL.juvenile","TUL.juvenile.juvenile","TUL",71,1998-11-01,2024-11-30,"Y","TUL.juvenile","juvenile",20,0.667294007005382,0.504969682281864,0.756742420852869,1.00926453178603,0.500334319079114,"juvenile"
"TUX.juvenile","TUX.juvenile.juvenile","TUX",24,2018-03-01,2024-11-30,"Y","TUX.juvenile","juvenile",21,2.90095362261045,2.19934289922535,0.758144798346086,2.19934289922535,1,"juvenile"
"UVE.adult","UVE.preg.adult","UVE",32,1989-11-01,2018-09-01,"Y","UVE.preg","adult",31,0.606354225403701,0.955965248383152,1.57657885165505,0.955965248383152,1,"preg"
"VBE.juvenile","VBE.juvenile.juvenile","VBE",140,2001-11-01,2024-11-30,"Y","VBE.juvenile","juvenile",54,1.03706418379938,0.868065234537255,0.837040993313469,1.13084049924102,0.767628357067039,"juvenile"
"VLT.juvenile","VLT.juvenile.juvenile","VLT",23,2010-12-01,2024-11-30,"Y","VLT.juvenile","juvenile",12,3.49146911999252,1.73080336671901,0.495723521313206,1.73080336671901,1,"juvenile"
"WHE.adult","WHE.lact.adult","WHE",38,2004-11-01,2024-11-30,"Y","WHE.lact","adult",21,0.433182914027127,0.576774862828857,1.33148109990492,0.450887154019575,1.27920003417045,"lact"
"WHE.juvenile","WHE.juvenile.juvenile","WHE",38,2004-11-01,2024-11-30,"Y","WHE.juvenile","juvenile",12,0.580373568008762,0.324999445210292,0.559983195522415,0.450887154019575,0.72079996582955,"juvenile"
"WHN.juvenile","WHN.juvenile.juvenile","WHN",93,2006-11-01,2024-11-30,"Y","WHN.juvenile","juvenile",30,0.862067089977176,0.553353364874819,0.641891299770497,0.726108280163851,0.762081055941067,"juvenile"
"WHO.juvenile","WHO.juvenile.juvenile","WHO",59,2003-05-17,2024-11-30,"Y","WHO.juvenile","juvenile",18,0.314064709672146,0.203074673678834,0.646601376801695,0.719816926941113,0.282119891986713,"juvenile"
"WHZ.juvenile","WHZ.juvenile.juvenile","WHZ",21,2019-11-01,2024-11-30,"Y","WHZ.juvenile","juvenile",21,1.40611524745745,1.08248020333128,0.76983746907562,1.08248020333128,1,"juvenile"
"WIY.juvenile","WIY.juvenile.juvenile","WIY",132,2016-11-06,2024-11-30,"Y","WIY.juvenile","juvenile",93,2.47904936434641,2.03414260482856,0.820533319781169,2.04360764074401,0.995368467152528,"juvenile"
"WNG.adult","WNG.cyc.adult","WNG",141,1994-11-01,2024-11-30,"Y","WNG.cyc","adult",89,0.125195618153365,0.425800946023446,3.40108505636226,0.507365008590467,0.839239874279825,"cyc"
"WNG.juvenile","WNG.juvenile.juvenile","WNG",141,1994-11-01,2024-11-30,"Y","WNG.juvenile","juvenile",31,0.342688180480269,0.239983711900906,0.700297604558683,0.507365008590467,0.473000123850904,"juvenile"
"WOF.juvenile","WOF.juvenile.juvenile","WOF",279,2002-10-19,2022-08-28,"Y","WOF.juvenile","juvenile",91,2.10103626104085,1.66559174429713,0.792747738428847,2.5457317178565,0.65426837109904,"juvenile"
"WOP.juvenile","WOP.juvenile.juvenile","WOP",36,2014-09-01,2024-11-30,"Y","WOP.juvenile","juvenile",14,1.0340070415518,0.756587031939725,0.731703945462758,0.770214400537806,0.982307045170065,"juvenile"
"WPY.juvenile","WPY.juvenile.juvenile","WPY",31,2016-11-01,2024-11-30,"Y","WPY.juvenile","juvenile",16,0.5728066174738,0.409908775299028,0.715614594515011,0.451038940233298,0.908810168556631,"juvenile"
"ZEP.juvenile","ZEP.juvenile.juvenile","ZEP",187,2004-11-01,2024-11-30,"Y","ZEP.juvenile","juvenile",51,2.24325521372467,1.67650322734741,0.74735287233046,2.32390894721326,0.721415195443785,"juvenile"
"ZIP.juvenile","ZIP.juvenile.juvenile","ZIP",358,1990-11-01,2017-04-03,"Y","ZIP.juvenile","juvenile",70,0.302933302606682,0.210706076922997,0.695552701237903,1.49820726636187,0.140638803224242,"juvenile"
